complex_id	cluster_id	is_medoid
1a7z/A	0	1
1b07/C	1	1
1bck/C	2	0
1bm2/L	3	1
1by5/B	4	1
1bzh/I	5	1
1c5f/B	6	1
1c5f/D	6	0
1c5f/F	6	0
1c5f/H	7	1
1c5f/J	6	0
1c5f/L	8	1
1c5f/N	8	0
1c5f/P	7	0
1cwa/C	2	1
1cwb/C	9	1
1cwc/C	2	0
1cwf/C	2	0
1cwh/C	2	0
1cwi/C	2	0
1cwj/C	2	0
1cwk/C	2	0
1cwl/C	2	0
1cwm/C	2	0
1cwo/C	10	1
1cyn/C	11	1
1czq/D	12	1
1d8t/C	13	1
1d8t/D	13	0
1dn2/E	14	0
1dn2/F	14	0
1eba/C	15	1
1eba/D	15	0
1ebp/C	15	0
1ebp/D	15	0
1fjm/M	16	0
1fjm/N	16	0
1g1s/C	17	1
1gag/B	18	0
1gzl/C	19	1
1gzl/D	19	0
1h0g/C	20	1
1h0g/D	20	0
1h0i/C	21	1
1h0i/D	21	0
1hoy/B	22	1
1hqq/E	23	1
1hqq/F	23	0
1hqq/G	23	0
1hqq/H	23	0
1hxl/C	24	1
1hxl/D	24	0
1hxz/C	25	1
1hxz/D	25	0
1hy2/E	26	1
1hy2/F	26	0
1hy2/G	26	0
1hy2/H	26	0
1jbd/B	22	0
1jd2/8	27	1
1jd2/9	28	1
1jdp/H	29	1
1jk4/B	30	1
1k83/M	31	1
1k9q/B	32	1
1kzo/C	33	1
1kzp/C	34	1
1l5g/C	35	1
1l7z/B	36	1
1m63/D	37	0
1m63/H	37	1
1mf8/D	37	0
1mik/B	2	0
1n4q/R	38	0
1n4r/M	38	0
1n4r/N	38	0
1n4r/O	38	1
1n4r/P	38	0
1n4r/Q	38	0
1n4r/R	38	0
1n4s/M	38	0
1n4s/N	38	0
1n4s/O	38	0
1n4s/P	38	0
1n4s/Q	38	0
1n4s/R	38	0
1n6d/G	39	1
1n6d/H	39	0
1n6d/I	39	0
1n6d/J	39	0
1n6d/K	39	0
1n6d/L	39	0
1npo/B	40	1
1npo/D	40	0
1oln/B	41	1
1osg/G	42	0
1osg/H	43	0
1osg/I	43	1
1osg/J	43	0
1osg/K	43	0
1osg/L	42	1
1ox1/B	44	1
1pcg/E	45	1
1pcg/F	45	0
1pmx/B	46	1
1pn3/C	47	0
1pn3/D	47	1
1pnv/C	47	0
1qlf/C	48	1
1qng/D	49	0
1qnh/C	49	0
1qnh/D	49	1
1rgr/B	50	1
1rqq/E	18	1
1rqq/F	18	0
1rrv/C	51	1
1rrv/D	51	0
1sbw/I	52	1
1sfi/I	53	1
1sld/P	54	1
1sle/M	54	0
1sle/P	54	0
1sm1/5	55	1
1t7d/C	56	0
1t7d/D	56	0
1tk2/B	57	1
1tps/B	58	1
1u8p/C	59	0
1u91/C	59	0
1u92/C	59	0
1u93/C	59	1
1url/B	60	1
1v6d/B	61	1
1vwb/P	54	0
1vwc/P	54	0
1vwd/P	54	0
1vwe/P	54	0
1vwf/P	62	1
1vwi/M	63	0
1vwi/P	63	1
1vwj/M	63	0
1vwj/P	63	0
1vwk/M	63	0
1vwk/P	63	0
1vwl/M	63	0
1vwl/P	63	0
1vwm/P	54	0
1vwn/P	54	0
1vwo/P	54	0
1vwp/P	54	0
1vwq/P	63	0
1vwr/P	63	0
1w3m/C	64	1
1w3m/G	65	0
1w3m/I	65	0
1w3m/J	65	1
1w7q/B	66	1
1w9u/C	67	1
1w9u/D	67	0
1w9v/C	68	1
1w9v/D	68	0
1waw/B	69	1
1wb0/B	70	1
1xkh/I	71	1
1xkh/J	71	0
1xkh/K	71	0
1xq7/D	72	1
1xq7/E	73	1
1xq7/F	72	0
1yf4/B	74	1
1yjw/4	75	1
2axi/B	76	1
2bcd/B	77	0
2bdx/B	16	0
2br8/F	78	0
2br8/G	78	1
2br8/H	78	0
2br8/I	78	0
2br8/J	78	0
2byp/F	79	0
2byp/G	79	0
2byp/H	79	0
2byp/I	79	0
2byp/J	79	0
2c77/B	80	1
2c9t/K	79	1
2c9t/M	79	0
2c9t/O	79	0
2c9t/P	79	0
2c9t/Q	79	0
2c9t/R	79	0
2c9t/S	79	0
2c9t/T	79	0
2cv3/B	81	1
2esl/I	82	0
2esl/J	82	0
2esl/K	82	1
2esl/L	82	0
2esl/M	82	0
2esl/N	82	0
2g1t/E	83	1
2g1t/F	83	0
2g1t/G	83	0
2g1t/H	84	1
2g2f/C	85	1
2ghq/C	86	1
2gj6/C	87	1
2gs6/B	88	1
2h6f/P	89	0
2h6g/P	89	1
2h6h/P	90	1
2h6i/P	89	0
2i6o/B	91	1
2iae/M	92	0
2iae/N	93	1
2iah/I	94	1
2ie3/I	95	0
2izq/D	96	1
2j9a/D	97	1
2jf9/P	98	1
2jf9/R	98	0
2jq7/C	41	0
2l6e/B	99	1
2lp8/B	100	1
2mbz/B	101	1
2mc0/B	102	1
2npp/X	92	0
2npp/Y	92	0
2nwn/B	103	1
2nyl/G	92	1
2nyl/H	92	0
2nym/G	92	0
2nym/H	92	0
2o9q/C	104	1
2oju/C	105	1
2oju/D	105	0
2oqj/C	106	1
2oqj/I	106	0
2oqj/L	106	0
2poy/T	107	1
2poy/U	108	1
2poy/V	108	0
2q3i/D	109	1
2qki/G	110	1
2qki/H	110	0
2r3c/C	111	0
2r3c/D	111	0
2r5b/H	111	0
2r5b/K	111	0
2r5b/L	111	0
2r5d/H	111	1
2r5d/K	111	0
2r5d/L	111	0
2rma/B	112	0
2rma/D	112	0
2rma/F	112	0
2rma/H	112	0
2rma/J	112	0
2rma/L	112	0
2rma/N	112	0
2rma/P	112	0
2rma/R	112	0
2rma/T	112	0
2rmb/B	113	1
2rmb/D	113	0
2rmb/F	113	0
2rmb/H	113	0
2rmb/J	113	0
2rmb/L	113	0
2rmb/N	113	0
2rmb/P	113	0
2rmb/R	113	0
2rmb/T	113	0
2rmc/B	114	1
2rmc/D	114	0
2rmc/F	114	0
2rmc/H	114	0
2uue/E	115	1
2uue/F	115	0
2uz6/K	116	0
2uz6/L	116	0
2uz6/M	116	1
2uz6/N	116	0
2uz6/O	116	0
2uz6/P	116	0
2uz6/Q	116	0
2uz6/R	116	0
2uz6/S	116	0
2uz6/T	117	1
2vdn/C	118	1
2vum/M	31	0
2w16/C	119	1
2w3o/C	120	1
2w3o/D	120	0
2w44/A	121	1
2w44/C	122	1
2w44/E	122	0
2w6t/C	123	1
2w6u/C	124	1
2w76/C	125	1
2w77/C	126	1
2w78/C	127	1
2wfj/B	128	1
2why/B	129	1
2x3t/E	130	1
2x3t/M	130	0
2x7k/B	131	1
2xad/E	132	1
2xad/F	132	0
2xad/G	133	1
2xad/H	133	0
2ydq/T	134	1
2ydr/P	135	1
2yja/A	136	0
2yjd/C	137	1
2yjd/D	137	0
2z2p/C	138	1
2z2p/D	139	1
2z6w/M	140	1
2z6w/N	141	1
2zjp/5	142	1
2zvl/V	143	1
2zvl/W	144	1
2zvl/Y	145	1
2zvl/Z	145	0
3a79/C	146	1
3ah8/Y	147	1
3auw/A	148	1
3auw/C	148	0
3av9/X	149	0
3av9/Y	149	0
3ava/X	149	0
3ava/Y	149	0
3avb/X	149	0
3avb/Y	149	0
3avc/D	150	1
3avc/F	150	0
3avf/D	149	0
3avf/F	149	0
3avg/D	149	1
3avg/F	149	0
3avh/E	149	0
3avh/F	149	0
3avi/D	149	0
3avi/F	149	0
3avj/D	149	0
3avj/F	149	0
3avk/D	149	0
3avk/F	149	0
3avl/E	149	0
3avl/F	149	0
3avm/D	149	0
3avm/F	149	0
3avn/G	151	1
3avn/H	151	0
3ax3/B	152	1
3ax3/D	152	0
3ax3/F	153	1
3ax3/H	153	0
3ax5/B	153	0
3ax5/D	152	0
3bo7/E	154	1
3bo7/F	155	1
3bo7/G	155	0
3bo7/H	154	0
3cf5/5	156	1
3cqz/M	31	0
3cys/B	2	0
3dw8/G	157	1
3dw8/H	157	0
3e4z/C	158	1
3e50/D	159	1
3e7a/C	77	0
3e7a/D	77	1
3egh/E	77	0
3egh/F	77	0
3eov/C	160	1
3eov/D	160	0
3fga/E	92	0
3fqr/C	161	1
3g5v/C	162	1
3g5y/E	162	0
3gkr/B	163	1
3hgz/E	164	1
3hsv/M	165	1
3iet/Q	166	1
3iet/X	167	1
3iiq/C	168	1
3iiq/D	56	1
3iux/B	169	1
3iux/D	169	0
3k48/R	170	1
3k48/S	171	1
3k48/T	171	0
3kti/H	172	0
3kti/I	172	0
3kti/J	172	0
3kti/K	172	0
3kti/L	172	0
3kti/M	172	0
3kti/N	172	0
3ktj/H	173	0
3ktj/I	173	0
3ktj/J	173	0
3ktj/K	173	0
3ktj/L	173	0
3ktj/M	173	0
3ktj/N	173	0
3ktk/0	173	1
3ktk/1	173	0
3ktk/O	173	0
3ktk/P	173	0
3ktk/Q	173	0
3ktk/R	173	0
3ktk/S	173	0
3ktk/T	173	0
3ktk/U	173	0
3ktk/V	173	0
3ktk/W	173	0
3ktk/X	173	0
3ktk/Y	173	0
3ktk/Z	173	0
3l35/H	174	1
3l35/K	174	0
3l35/L	174	0
3l36/H	175	0
3l37/H	175	1
3l8l/C	176	1
3l8l/D	176	0
3m17/I	177	0
3m17/J	177	1
3m17/K	178	1
3m17/L	177	0
3m1b/I	179	1
3m1b/J	180	1
3m4c/E	181	1
3mg9/B	182	0
3mg9/C	182	0
3mgb/C	182	1
3mgb/D	182	0
3mgn/G	183	1
3mgn/H	183	0
3mgn/I	183	0
3mgn/J	183	0
3mgn/K	184	1
3mgn/L	183	0
3mk8/B	185	1
3mt6/1	186	0
3mt6/2	186	0
3mt6/4	187	1
3mt6/c	186	0
3mt6/d	186	0
3mt6/e	186	0
3mt6/f	186	0
3mt6/g	186	0
3mt6/h	186	0
3mt6/i	186	0
3mt6/j	186	1
3mt6/k	186	0
3mt6/l	186	0
3mt6/m	186	0
3mt6/n	186	0
3mt6/o	186	0
3mt6/p	186	0
3mt6/q	186	0
3mt6/r	186	0
3mt6/s	186	0
3mt6/t	186	0
3mt6/u	186	0
3mt6/v	186	0
3mt6/w	186	0
3mt6/x	186	0
3mt6/y	186	0
3mt6/z	187	0
3n7y/D	188	1
3n7y/E	188	0
3n7y/F	188	0
3n84/G	189	0
3n84/H	190	1
3n84/I	189	1
3n84/J	190	0
3n84/K	189	0
3n84/L	189	0
3odi/B	112	0
3odi/D	112	0
3odi/F	112	0
3odi/H	112	1
3odi/J	112	0
3odi/L	112	0
3odi/N	112	0
3odi/P	112	0
3odi/R	112	0
3odi/T	112	0
3odl/B	112	0
3odl/D	112	0
3odl/F	112	0
3odl/H	112	0
3odl/J	112	0
3odl/L	112	0
3odl/N	112	0
3odl/P	112	0
3odl/R	112	0
3odl/T	112	0
3oe0/I	191	1
3p72/B	192	1
3p8f/I	193	1
3pmp/C	194	1
3pmp/D	194	0
3pqz/L	195	1
3pqz/M	195	0
3qg6/D	196	1
3qn7/B	197	0
3qv1/I	198	1
3rqd/C	199	1
3rqd/D	199	0
3rul/E	200	0
3rul/F	200	0
3rul/G	200	1
3rul/H	200	0
3rum/B	201	1
3rum/C	201	0
3run/B	202	1
3rvd/N	198	0
3s04/I	203	1
3s04/J	203	0
3tdz/E	204	1
3tdz/F	204	0
3u2q/B	205	1
3u4w/B	206	1
3u6b/C	207	0
3u6b/D	207	0
3u6k/C	207	1
3u6k/D	207	0
3ut5/F	208	1
3v3b/C	209	1
3v3b/D	210	1
3v56/G	42	0
3v56/H	43	0
3v56/I	43	0
3v56/J	43	0
3v56/K	43	0
3v56/L	42	0
3v56/Z	211	1
3vfj/G	212	1
3vfk/G	213	1
3vvr/B	214	1
3vvs/B	215	1
3wbn/B	216	1
3wdc/B	217	1
3wdd/B	217	0
3wde/B	217	0
3wmg/B	218	1
3wne/C	219	1
3wne/D	219	0
3wnf/C	220	1
3wnf/D	220	0
3wng/C	221	1
3wng/D	221	0
3wnh/C	222	1
3wnh/D	222	0
3wxa/C	223	1
3zgc/C	224	1
4abi/B	225	1
4abj/B	226	1
4ay5/I	227	1
4ay5/J	227	0
4ay5/K	227	0
4ay5/L	227	0
4b8y/B	228	1
4bea/B	229	1
4bvg/B	230	1
4cdr/E	231	0
4cdr/F	231	1
4cdr/G	231	0
4cdr/H	231	0
4d0t/P	232	1
4dcb/F	233	1
4dgc/F	234	0
4dgc/G	2	0
4dgc/H	2	0
4dgc/I	234	1
4dgc/J	234	0
4djs/B	235	1
4eec/C	236	1
4ez1/K	237	0
4ez1/L	237	0
4ez1/M	237	1
4ez1/N	237	0
4ez1/O	237	0
4f56/C	238	1
4f56/D	238	0
4fn5/B	239	1
4g5g/I	240	1
4gly/B	241	1
4gm9/E	242	0
4gm9/F	242	1
4gmb/E	242	0
4gvc/B	243	1
4gvd/C	244	1
4gvd/D	245	1
4gvu/B	246	1
4gw1/E	247	0
4gw1/F	247	0
4gw5/E	248	1
4gw5/F	248	0
4gyw/B	249	1
4gyw/D	249	0
4gz3/B	250	1
4gz3/D	250	0
4hgc/I	251	1
4hy7/B	252	1
4i5l/G	95	1
4i5l/H	95	0
4i5n/G	95	0
4i5n/H	95	0
4i80/B	253	1
4ib5/D	254	1
4ib5/E	255	0
4ib5/F	255	1
4ib5/G	255	0
4ihg/L	256	0
4ihh/H	256	1
4ihh/L	256	0
4ii9/B	163	0
4ioi/C	257	1
4ipz/B	258	1
4jjm/E	259	1
4jjm/F	252	0
4jk5/B	197	1
4jk6/B	197	0
4jna/H	260	1
4jna/I	260	0
4jt0/c	261	1
4k1e/B	262	1
4k8y/B	263	1
4kel/B	262	0
4kts/B	264	1
4ktu/B	264	0
4kvm/I	265	0
4kvm/J	265	1
4kvm/K	265	0
4kvm/L	265	0
4l3o/E	266	1
4l3o/F	267	1
4l3o/G	267	0
4l3o/H	266	0
4lkd/I	268	1
4lkd/J	269	1
4lkd/K	270	1
4lkd/L	268	0
4lkd/M	268	0
4lkd/N	271	1
4lkd/O	272	1
4lkd/P	273	1
4lke/E	274	1
4lke/F	275	1
4lke/H	275	0
4lkf/C	276	1
4lkl/B	277	1
4lkm/B	278	1
4mex/M	279	1
4mex/N	279	0
4mfl/B	280	0
4mfp/B	280	1
4mfq/B	280	0
4mnv/B	281	1
4mnw/B	282	1
4mnx/B	283	1
4mny/C	284	1
4mny/D	284	0
4mq9/I	285	0
4mzj/T	286	1
4mzk/T	287	1
4mzl/C	288	1
4mzl/D	288	0
4n5t/B	289	1
4n7y/C	290	1
4n7y/D	290	0
4n84/C	291	1
4n84/E	292	0
4nec/E	293	0
4nec/F	293	0
4nec/G	293	0
4nec/H	293	1
4nge/E	294	1
4no2/C	295	1
4o3u/P	296	1
4oin/I	285	0
4oip/I	285	0
4oiq/I	285	1
4oir/I	285	0
4os1/B	297	1
4os2/B	297	0
4os4/B	297	0
4os5/B	297	0
4os6/B	297	0
4os7/B	298	1
4ou3/B	299	1
4pjz/B	300	1
4pk0/B	300	0
4pk2/B	301	1
4pk3/B	301	0
4q9i/B	302	1
4q9i/C	303	1
4q9j/B	304	1
4q9j/C	305	1
4q9j/D	305	0
4q9k/B	306	1
4q9l/B	307	1
4q9l/C	307	0
4r1e/B	308	1
4r8m/C	309	1
4r8m/D	309	0
4tky/E	310	1
4tky/F	311	1
4tky/G	312	1
4tky/H	311	0
4tot/E	313	1
4tot/F	314	1
4tot/G	314	0
4tot/H	314	0
4tuj/E	315	1
4tuj/F	315	0
4twt/E	316	1
4twt/F	317	1
4u0g/c	318	0
4u0g/d	318	0
4u0g/e	318	0
4u0g/f	318	0
4u0g/g	318	0
4u0g/h	318	0
4u0g/i	318	0
4u0g/j	318	0
4u0g/k	318	0
4u0g/l	318	0
4u0g/m	318	0
4u0g/n	318	0
4u0g/o	318	1
4u0g/p	318	0
4u1u/B6	319	1
4u1v/B6	320	1
4u26/B6	321	1
4u27/B6	322	1
4u2w/B	104	0
4u6g/C	323	1
4ud7/F	324	1
4ud7/G	324	0
4ud7/H	325	1
4ud7/I	326	1
4ue1/F	324	0
4ue1/G	324	0
4ue1/H	325	0
4ue1/I	325	0
4umn/C	327	1
4umn/D	327	0
4utr/C	328	0
4utv/C	328	0
4utx/C	328	0
4utz/D	328	1
4uu7/D	328	0
4uua/D	328	0
4uub/D	328	0
4v7c/AY	329	1
4v7d/BY	330	1
4v7l/CZ	331	1
4v7m/CZ	332	1
4v85/AY	333	1
4v9j/AU	334	1
4v9k/AU	335	1
4v9l/AU	336	1
4v9o/BW	337	1
4v9p/BW	338	1
4w4z/E	339	1
4w4z/F	340	0
4w4z/G	339	0
4w4z/H	339	0
4w50/E	339	0
4w50/F	340	0
4w50/G	339	0
4w50/H	339	0
4wc8/D	341	0
4wc8/G	341	1
4wc8/H	341	0
4wc8/J	341	0
4wfd/C	342	1
4wfd/F	343	1
4wfd/I	344	1
4wk4/C	345	1
4wkm/I	346	0
4wkm/J	347	0
4wkm/K	346	1
4wkm/L	347	1
4wkm/M	347	0
4wkm/N	346	0
4wkm/O	347	0
4wkm/P	346	0
4wvt/C	348	1
4wvt/D	349	1
4wvu/B	350	1
4wx4/C	351	1
4x3o/C	352	1
4x3p/C	309	0
4x6s/L	353	1
4x6s/M	354	1
4x9r/B	355	1
4x9v/B	355	0
4xhv/B	356	1
4xoj/B	357	1
4xpd/F	358	1
4y1c/C	359	1
4y1d/D	360	1
4y78/1	361	1
4y78/4	362	0
4ya9/c	362	0
4ya9/f	362	1
4ydv/P	363	1
4ydv/Q	364	1
4ygw/b	365	1
4yv9/E	366	1
4yv9/F	366	0
4yv9/G	366	0
4yv9/H	366	0
4z09/C	367	0
4z0d/C	367	1
4z0e/C	367	0
4z0f/C	368	1
4zfz/C	369	1
4zfz/F	369	0
4zfz/I	369	0
4zfz/L	369	0
4zjx/B	370	1
4zqw/A	371	1
4zqw/C	371	0
4zxl/H	372	1
5a0e/C	373	1
5a0e/E	374	1
5ad0/C	375	1
5afg/B	376	1
5agu/C	377	0
5agu/D	377	1
5agv/C	377	0
5agv/D	377	0
5ah2/E	378	1
5ah2/F	378	0
5ah2/G	378	0
5ah2/H	378	0
5ah4/C	378	0
5ah4/D	378	0
5ajp/B	379	1
5awv/I	380	0
5awv/J	380	0
5awv/K	380	1
5awv/L	380	0
5awv/M	380	0
5awv/N	380	0
5awv/O	380	0
5awv/P	380	0
5azf/D	381	1
5b4w/G	382	1
5b4w/H	382	0
5b4w/I	382	0
5b4w/J	382	0
5b4w/K	382	0
5b4w/L	382	0
5bjt/P	383	1
5bjt/Q	383	0
5bjt/R	384	0
5bjt/S	384	1
5bjt/T	384	0
5bjt/U	384	0
5bjt/V	383	0
5bmm/C	385	1
5bmm/D	385	0
5bwo/B	386	1
5bxo/C	387	0
5bxo/D	387	1
5bxu/B	387	0
5c3g/B	388	1
5cgg/g	389	1
5cgg/h	389	0
5cgh/e	390	1
5cgh/f	390	0
5co5/C	391	0
5co5/E	391	0
5co5/F	391	0
5co5/H	391	0
5co5/J	391	0
5cs2/B	392	1
5d2a/C	393	1
5d2a/D	394	1
5d2a/E	394	0
5d8h/D	395	1
5di8/C	14	0
5dir/E	396	1
5dir/F	397	1
5dir/G	396	0
5dir/H	396	0
5diy/P	398	1
5diy/Q	398	0
5dj0/C	14	0
5dj2/C	14	1
5dj6/C	14	0
5dj8/C	14	0
5dja/C	14	0
5djc/C	14	0
5djc/F	399	1
5djd/C	14	0
5djx/C	399	0
5djx/F	14	0
5djy/C	14	0
5djz/C	14	0
5dk0/C	14	0
5dk2/C	14	0
5dkp/O	400	0
5dkp/P	400	0
5dkp/Q	400	0
5dkp/R	400	0
5dkp/S	400	0
5dkp/T	400	0
5dkp/U	400	1
5dkp/V	400	0
5dkp/W	400	0
5dkp/X	400	0
5dkp/Y	400	0
5dkp/Z	400	0
5dkp/o	400	0
5dkp/p	400	0
5drz/Q	401	1
5dvk/B	14	0
5dvl/B	402	1
5dvm/B	14	0
5dvn/B	14	0
5dx3/C	136	1
5dx3/D	136	0
5dxb/D	136	0
5dxb/E	136	0
5dxe/C	136	0
5dxe/D	136	0
5eel/L	403	1
5eel/M	404	1
5eel/N	403	0
5eel/P	405	1
5eel/Q	404	0
5eel/R	404	0
5eeq/L	404	0
5eeq/M	404	0
5efi/C	406	1
5esq/F	407	1
5etu/E	247	0
5etu/F	247	0
5euk/E	408	1
5euk/F	408	0
5f88/E	247	0
5f88/F	247	0
5f8t/P	409	0
5f8x/B	409	0
5f8z/B	409	1
5ff6/E	247	0
5ff6/F	247	0
5fq0/H	410	1
5ggi/F	411	1
5ggi/G	412	1
5grd/C	413	1
5grg/C	414	1
5gs4/B	415	1
5gtr/C	416	1
5h5q/B	417	1
5h5r/B	418	1
5h5s/B	419	1
5hgv/B	249	0
5hgv/D	249	0
5hpm/E	247	0
5hpm/F	420	1
5hsv/E	2	0
5hsv/F	2	0
5hsv/G	2	0
5hsv/H	2	0
5htb/C	421	1
5htc/C	421	0
5hyq/E	247	0
5hyq/F	247	0
5hyr/F	136	0
5hyr/G	136	0
5i2i/E	422	0
5i2i/F	422	0
5i8m/E	423	1
5i8x/E	424	1
5iar/B	425	1
5ib5/C	426	1
5ib5/F	426	0
5icv/C	427	1
5icv/D	427	0
5icx/E	247	0
5icx/F	247	0
5icz/E	422	1
5icz/F	422	0
5id0/E	422	0
5id0/F	422	0
5id1/E	247	0
5id1/F	247	0
5inz/D	428	1
5iop/E	422	0
5iop/F	422	0
5ir1/E	422	0
5ir1/F	422	0
5itf/E	422	0
5itf/F	422	0
5iv2/E	422	0
5iv2/F	422	0
5ivz/E	422	0
5ivz/F	422	0
5j31/C	292	1
5j31/D	292	0
5jbq/B	240	0
5jm4/E	429	1
5jme/F	391	0
5jme/G	391	0
5jme/H	391	0
5jme/I	391	0
5jpf/M	430	1
5jqy/B	431	0
5jr2/E	340	0
5jr2/F	340	1
5jr2/G	339	0
5jr2/H	339	0
5jr4/B	432	1
5jtc/B	431	0
5jz8/B	431	0
5jzu/B	433	1
5k18/E	434	1
5k18/F	435	1
5kez/B	436	1
5kgn/C	437	1
5kgn/D	437	0
5kzp/A	438	0
5kzp/B	438	0
5kzp/C	438	1
5kzp/D	438	0
5l3f/C	439	1
5l3g/C	439	0
5l7k/B	440	1
5lf6/c	441	1
5lf6/d	441	0
5lgp/E	442	0
5lgp/F	442	1
5lgp/G	442	0
5lgp/H	442	0
5lgq/E	443	0
5lgq/F	443	0
5lgq/G	443	0
5lgq/H	444	1
5lgr/E	442	0
5lgr/F	442	0
5lgr/G	445	1
5lgr/H	442	0
5lgs/E	443	1
5lgs/F	444	0
5lgs/G	443	0
5lgs/H	443	0
5lrg/F	446	1
5lrg/G	446	0
5lrg/H	446	0
5lrj/F	446	0
5lrj/G	446	0
5lrj/H	446	0
5lrk/F	446	0
5lrk/G	446	0
5lrk/H	446	0
5ly1/E	447	0
5ly2/E	447	1
5ly2/G	447	0
5lyn/D	448	1
5moc/P	449	1
5mt3/A	450	1
5n1w/C	451	1
5n1w/D	451	0
5n22/E	452	1
5n22/G	452	0
5n99/C	453	1
5n99/E	454	0
5n99/F	454	0
5n99/H	454	0
5n99/J	454	0
5n99/L	454	0
5n99/N	454	0
5n99/P	454	1
5n99/R	453	0
5n99/T	454	0
5n99/V	455	1
5n99/X	455	0
5nes/E	456	1
5ney/E	457	1
5nf0/E	458	1
5nf0/G	458	0
5nf0/H	458	0
5ngq/E	459	1
5ni9/C	460	1
5nig/C	461	1
5nnp/I	462	1
5nnp/L	462	0
5npr/E	231	0
5nps/D	231	0
5nsc/C	14	0
5ntj/B	463	1
5nw8/D	464	0
5nxq/D	465	1
5nxq/E	465	0
5o45/B	466	1
5o4y/A	467	1
5o4y/D	468	1
5o4y/F	467	0
5o9s/C	469	1
5o9s/D	469	0
5o9u/C	470	1
5o9u/D	470	0
5o9v/C	471	1
5o9v/D	471	0
5oua/B	463	0
5t1k/E	247	0
5t1k/F	247	0
5t1l/E	247	0
5t1l/F	247	0
5t1m/E	247	0
5t1m/F	247	0
5t1m/H	472	1
5t5j/a	473	1
5t5j/b	474	1
5t5l/a	474	0
5t5l/b	475	1
5t5o/a	476	1
5t5o/b	477	1
5t5o/c	477	0
5t5o/d	476	0
5t5o/e	476	0
5t5o/f	477	0
5t5o/g	477	0
5t5o/h	476	0
5t5o/i	477	0
5t5o/j	477	0
5t5p/a	478	1
5t5p/b	478	0
5t78/E	479	1
5t78/F	479	0
5t90/F	480	0
5t90/G	480	0
5t90/H	480	1
5t90/I	481	1
5t90/J	481	0
5th2/E	247	1
5th2/F	247	0
5tu6/B	482	1
5txe/C	483	1
5txe/D	483	0
5tyi/L	484	1
5tyi/M	484	0
5tyi/N	484	0
5tyi/P	484	0
5u06/L	485	0
5u06/M	484	0
5u06/N	484	0
5u06/P	484	0
5u1q/L	486	1
5u1q/M	485	1
5u1q/N	485	0
5u1q/P	485	0
5u5f/D	487	1
5u5m/D	488	1
5u66/B	489	1
5u6a/D	488	0
5un8/E	490	0
5un8/F	490	1
5un8/G	490	0
5un8/H	490	0
5v61/I	491	1
5v93/b	492	1
5vb9/C	493	1
5vb9/D	493	0
5vbl/A	494	1
5vi6/B	495	1
5vie/B	496	1
5vif/B	497	1
5vk0/B	498	0
5vk0/D	498	0
5vk0/F	499	1
5vk0/H	498	0
5vk0/J	500	1
5vk0/L	498	0
5vk0/N	498	0
5vk0/P	501	1
5vk0/R	498	0
5vk0/T	498	0
5vk0/V	498	1
5vk0/X	498	0
5vk1/B	502	1
5vk1/D	503	1
5vk1/F	504	1
5vk1/H	505	1
5vk1/J	503	0
5vk1/L	505	0
5vk1/N	506	1
5vk1/P	507	1
5vlh/Y	508	1
5vll/Y	508	0
5vvt/B	509	1
5vvt/D	510	1
5vvu/B	511	1
5vvu/D	511	0
5vvv/B	512	1
5vvv/D	513	1
5vz2/H	514	0
5vz2/J	514	0
5vz2/O	514	0
5vz2/P	514	0
5vz2/Q	514	0
5vz2/R	514	1
5vz2/U	514	0
5vz2/V	514	0
5vz2/X	514	0
5vz2/Y	514	0
5vz2/Z	514	0
5vz2/a	514	0
5vz2/b	514	0
5vz2/c	514	0
5w18/H	515	0
5w18/J	515	0
5w18/O	515	0
5w18/P	515	0
5w18/Q	515	0
5w18/R	515	0
5w18/U	515	0
5w18/V	515	0
5w18/X	515	0
5w18/Y	515	0
5w18/Z	515	0
5w18/a	515	0
5w18/b	515	0
5w18/c	515	0
5w4i/B	516	1
5w4i/C	516	0
5w5s/D	517	0
5w5u/D	517	0
5w6i/D	517	0
5w6r/M	517	1
5w6r/N	517	0
5w6r/O	517	0
5w6r/Q	517	0
5w6t/F	517	0
5w6u/D	517	0
5w8f/B	518	1
5wgq/E	519	1
5wgq/F	519	0
5whh/B	520	1
5wje/B	521	1
5wob/f	522	0
5wtt/C	523	1
5wtt/P	524	1
5wyi/E	525	1
5xgl/C	391	0
5xgl/E	391	0
5xgl/F	391	0
5xgl/H	391	0
5xgl/J	391	0
5xn3/B	526	1
5xxk/C	327	0
5xxk/D	327	0
5y2f/C	527	1
5y7w/C	528	1
5y7w/D	528	0
5yiq/D	529	1
5ytk/G	530	1
5ytk/J	530	0
5ytk/K	531	1
5ytk/L	531	0
5yyf/B	532	1
5yyf/D	532	0
5zs3/U	533	1
6a8g/E	534	1
6a8g/P	534	0
6a8n/C	535	1
6a8n/P	535	0
6a8o/P	536	1
6aaw/B	537	1
6atk/F	538	1
6ax4/C	539	1
6ayn/F	422	0
6azk/E	422	0
6azk/F	422	0
6b3q/b	522	0
6b67/D	540	0
6b67/E	540	1
6b67/F	540	0
6b70/c	522	1
6bae/D	541	1
6bba/H	542	1
6bba/I	542	0
6bba/J	542	0
6bba/K	542	0
6bba/L	542	0
6bba/M	542	0
6bba/N	542	0
6bcy/D	543	1
6bcy/H	544	1
6buu/F	545	1
6buu/G	546	1
6bvh/I	547	1
6byj/G	548	0
6byj/P	549	1
6byj/T	550	1
6byk/G	551	1
6byk/J	551	0
6byk/K	552	1
6byk/R	553	1
6byl/G	554	0
6byl/P	554	1
6byl/T	554	0
6bzd/G	548	1
6bzd/K	548	0
6c0h/C	555	1
6c0y/I	556	1
6c0y/J	557	1
6c0y/N	556	0
6c0y/O	558	1
6c0y/P	559	1
6c1d/F	560	1
6c1q/L	561	1
6c1r/L	561	0
6cbi/H	562	1
6cbi/I	563	1
6cbi/J	564	1
6cbi/K	562	0
6cg4/C	565	1
6cn8/B	566	1
6cpl/C	567	1
6d3o/C	568	1
6d3x/C	569	1
6d3x/D	569	0
6d3y/C	570	0
6d3z/C	570	0
6d40/C	570	1
6d8c/N	571	0
6d8c/O	571	0
6d8c/P	571	0
6djk/B	572	0
6dly/C	377	0
6dly/D	377	0
6dm6/C	572	0
6dm6/D	572	0
6dn5/B	573	1
6dn6/B	574	1
6dn7/B	575	1
6dn7/D	575	0
6dn8/B	576	1
6dn8/D	576	0
6dno/C	16	1
6e5m/I	577	1
6eat/I	577	0
6egw/B	464	0
6em6/C	464	1
6em7/D	463	0
6emb/D	463	0
6ers/B	463	0
6esa/E	463	0
6exv/M	578	1
6fbt/E	579	1
6fcr/G	580	1
6fky/C	581	1
6fmp/C	582	1
6fms/E	583	1
6fms/F	396	0
6fms/G	584	1
6fms/H	585	1
6h0b/F	586	1
6h22/C	376	0
6h22/D	587	1
6h41/B	588	1
6h6a/E	589	1
6hle/B	590	1
6hqu/K	591	1
6hqu/N	592	1
6hqu/O	593	1
6hy7/B	594	1
6hza/B	595	1
6hzb/B	595	0
6hzc/B	596	1
6hzd/B	595	0
6i2a/D	463	0
6i2b/D	597	1
6i2c/B	463	0
6ifj/C	14	0
6ifj/D	14	0
6iqg/C	598	1
6iqg/D	599	1
6iqh/C	598	0
6iqh/D	598	0
6iso/C	600	1
6iso/D	600	0
6iso/F	601	0
6iso/H	601	1
6iso/J	601	0
6iso/L	602	1
6j31/E	603	0
6j31/F	603	0
6j31/G	603	1
6j31/H	603	0
6j67/C	604	1
6j8e/D	605	1
6jwm/B	526	0
6jwn/B	606	1
6jwn/D	606	0
6kx1/C	607	1
6kzu/B	608	1
6l63/B	609	1
6l63/D	609	0
6l65/C	610	1
6l66/C	611	1
6l71/C	612	1
6ljk/B	613	1
6ljm/B	614	1
6ljn/B	615	1
6lkq/y	616	1
6lkq/z	616	0
6lyc/B	617	1
6m4x/C	391	0
6m4x/E	391	0
6m4x/F	391	0
6m4x/H	391	0
6m4x/J	391	0
6m4z/C	391	1
6m4z/E	391	0
6m4z/F	391	0
6m4z/H	391	0
6m4z/J	391	0
6m5e/F	618	1
6m5e/G	619	1
6m5e/H	618	0
6m5e/I	619	0
6m5e/J	619	0
6n7q/C	620	1
6n87/C	621	1
6n9t/E	598	0
6n9t/F	598	0
6nah/0	622	0
6nah/1	622	0
6nah/2	622	0
6nah/3	623	1
6nah/c	622	0
6nah/e	622	0
6nah/f	622	0
6nah/g	622	0
6nah/h	622	0
6nah/i	622	0
6nah/j	622	0
6nah/k	622	1
6nah/l	622	0
6nah/m	622	0
6nah/n	622	0
6nah/o	622	0
6nah/p	622	0
6nah/q	622	0
6nah/r	622	0
6nah/s	622	0
6nah/t	622	0
6nah/u	622	0
6nah/v	622	0
6nah/w	622	0
6nah/x	622	0
6nah/y	623	0
6nah/z	622	0
6nnv/I	624	1
6nnv/J	625	1
6nnv/K	626	1
6nnv/L	626	0
6npz/F	627	1
6npz/G	627	0
6o21/B	628	1
6obq/C	16	0
6obq/D	16	0
6obr/D	16	0
6obr/E	16	0
6obu/C	16	0
6obu/D	16	0
6opj/B	629	1
6p81/B	630	1
6pau/C	631	1
6pav/C	632	1
6pit/D	633	1
6pka/H	515	0
6pka/J	515	0
6pka/O	515	0
6pka/P	515	1
6pka/Q	515	0
6pka/R	515	0
6pka/U	515	0
6pka/V	515	0
6pka/X	515	0
6pka/Y	515	0
6pka/Z	515	0
6pka/a	515	0
6pka/b	515	0
6pka/c	515	0
6plh/C	634	1
6pmd/H	514	0
6pmd/J	514	0
6pmd/O	514	0
6pmd/P	514	0
6pmd/Q	514	0
6pmd/R	514	0
6pmd/U	514	0
6pmd/V	514	0
6pmd/X	514	0
6pmd/Y	514	0
6pmd/Z	514	0
6psa/H	175	0
6pth/G	635	1
6ptr/X	636	1
6ptr/Y	636	0
6ptv/X	572	1
6ptv/Y	572	0
6pv9/B	637	1
6pw8/B	638	1
6pxu/C	639	1
6pxu/D	639	0
6q1u/C	569	0
6q1u/D	569	0
6q38/C	640	0
6q4q/C	640	1
6q4q/D	640	0
6q6w/B	641	1
6q6x/E	642	1
6q6x/F	642	0
6q6x/G	643	0
6q6x/H	643	0
6q77/B	644	1
6q79/E	643	1
6q79/F	645	1
6q79/G	645	0
6q79/H	643	0
6q85/E	643	0
6q85/F	643	0
6q85/G	643	0
6q85/H	643	0
6q86/C	646	1
6q86/D	641	0
6q87/B	641	0
6q8d/B	644	0
6q8g/E	643	0
6q8g/F	643	0
6q8g/G	647	1
6q8h/B	648	1
6q8h/C	641	0
6qev/D	649	1
6qfk/B	649	0
6qmq/A	650	1
6qms/A	651	1
6qrm/C	652	1
6rd2/C	653	1
6rd2/D	653	0
6rhc/P	654	1
6rhe/D	655	1
6rjp/C	656	1
6rjp/D	656	0
6rlz/C	657	1
6rlz/D	658	1
6rw2/B	659	1
6rwh/P	449	0
6rwi/P	449	0
6rxq/E	660	1
6rxq/F	660	0
6rxq/G	661	1
6rxq/H	661	0
6rxr/E	660	0
6rxr/F	660	0
6rxr/G	661	0
6rxr/H	661	0
6ryo/B	662	1
6s22/F	663	1
6s24/F	664	1
6s35/C	665	1
6s5r/H	666	1
6s5s/C	667	1
6s7g/F	668	1
6s7g/G	668	0
6s7g/H	669	1
6sk2/D	471	0
6skj/C	670	1
6skj/D	671	1
6spw/B	672	1
6spw/C	672	0
6spw/D	672	0
6spx/B	673	1
6t1y/F	674	0
6t1y/G	571	0
6t1y/H	571	0
6t1y/I	571	0
6t1y/J	674	0
6t20/F	674	0
6t20/G	571	0
6t20/H	571	0
6t20/I	571	0
6t20/J	674	0
6t25/F	674	0
6t25/G	571	0
6t25/H	571	0
6t25/I	571	0
6t25/J	674	0
6t2d/B	675	1
6t2f/B	675	0
6t7z/B	676	1
6tdb/F	677	1
6tgx/C	678	1
6tgx/D	678	0
6tnq/D	679	1
6ts3/D	680	1
6twb/B	681	1
6twc/C	682	1
6u22/C	53	0
6u4a/C	683	1
6u4a/D	683	0
6u61/D	683	0
6u61/E	683	0
6u6k/C	684	1
6u6l/B	685	1
6u71/B	686	1
6u72/C	687	0
6u74/E	688	1
6u74/F	687	0
6u8g/E	687	1
6u8g/F	687	0
6u8h/C	689	1
6u8i/B	690	1
6u8m/C	691	1
6u96/F	571	0
6u96/G	674	0
6u96/H	571	0
6u96/I	571	0
6u96/J	674	0
6uh5/R	692	1
6uib/C	693	1
6ulp/C	694	1
6ulq/D	695	1
6ulq/E	695	0
6ulq/F	695	0
6ult/I	696	0
6ult/J	696	1
6ult/K	696	0
6ulv/E	697	1
6ulv/G	697	0
6v4e/C	698	1
6v4e/D	698	0
6v4f/B	699	1
6v4g/B	699	0
6v4h/B	698	0
6v4h/D	698	0
6v7k/X	700	1
6vgn/V	701	1
6vgn/W	701	0
6vgn/X	701	0
6vgn/Y	701	0
6vgn/Z	701	0
6vgn/a	701	0
6vgn/b	701	0
6w17/M	702	1
6w17/N	703	1
6w17/O	704	1
6w17/P	703	0
6w17/Q	704	0
6wf3/G	705	1
6wf3/H	706	1
6wf3/I	705	0
6wf3/J	705	0
6wf3/K	705	0
6wf3/L	705	0
6wf5/C	707	1
6wf5/D	707	0
6wgn/E	708	1
6wgn/F	708	0
6wgn/G	708	0
6whn/F	709	0
6whn/G	709	0
6whn/H	709	0
6who/F	709	0
6who/G	709	0
6who/H	710	1
6whq/F	709	1
6whq/G	709	0
6whq/H	711	1
6whz/D	709	0
6whz/F	712	1
6whz/G	712	0
6wi3/F	713	1
6wi3/G	713	0
6wi3/H	714	1
6wsj/I	715	1
6xbe/F	716	1
6xbe/G	716	0
6xbe/H	716	0
6xbe/I	716	0
6xbf/F	716	0
6xbf/G	716	0
6xbf/H	717	1
6xbf/I	716	0
6xci/H	718	1
6xib/I	719	1
6xic/I	719	0
6xid/I	720	1
6xie/I	721	1
6xif/I	722	1
6xs5/B	723	1
6xs7/B	724	1
6xs9/C	725	1
6xs9/D	725	0
6xs9/E	726	1
6xs9/F	726	0
6xsa/B	727	1
6xtl/C	728	1
6xtm/C	728	0
6xtn/C	728	0
6xto/C	728	0
6xtp/C	728	0
6xtq/C	728	0
6xtr/C	728	0
6xts/C	728	0
6xxc/B	729	1
6xy5/B	730	1
6y0u/E	731	0
6y0u/F	731	0
6y0u/H	731	0
6y0v/E	732	1
6y0v/G	731	1
6y0v/H	731	0
6y0w/C	733	1
6y0w/D	734	1
6y0x/I	735	1
6y0x/J	736	1
6y0x/K	737	1
6y0x/L	736	0
6y0x/M	738	1
6y0x/O	738	0
6y0x/Q	736	0
6y0x/R	739	1
6y18/B	740	1
6y4q/C	741	1
6y4q/D	741	0
6y7t/D	742	1
6y7t/E	742	0
6ycr/B	743	1
6yw1/B	744	1
6yw2/B	744	0
6yw3/B	744	0
6yw4/B	744	0
6yx0/C	745	0
6yx0/D	745	0
6yx2/C	745	0
6yx2/D	745	1
6yyw/B	431	1
6yyx/B	431	0
6yyy/B	431	0
6yzh/D	746	1
6z00/C	747	1
6z00/D	747	0
6z6q/B	431	0
6z6r/B	431	0
6z7w/I	748	1
6zfm/C	749	1
6zfm/F	749	0
6zmp/C	750	1
6zmp/D	751	1
6zrc/P	752	1
6zrc/Q	753	0
6zrd/P	753	0
6zrd/Q	753	1
7a2y/B	754	1
7aa4/B	755	1
7ad9/O	674	0
7ad9/P	571	0
7ad9/Q	571	0
7ad9/R	571	0
7ad9/S	674	0
7ako/C	756	1
7any/B	757	1
7any/G	757	0
7any/H	757	0
7any/I	757	0
7arh/V	758	1
7arj/V	759	1
7arl/V	758	0
7arm/V	759	0
7arx/C	760	1
7axq/B	761	1
7axs/B	762	1
7axx/B	763	1
7az8/H	764	1
7az8/I	764	0
7azc/H	765	0
7azc/I	765	0
7azc/J	765	0
7azc/K	765	0
7azd/H	765	0
7azd/I	765	0
7azd/J	765	0
7azd/K	765	0
7aze/H	766	1
7aze/I	766	0
7azf/H	765	1
7azf/I	765	0
7azf/J	765	0
7azf/K	765	0
7b13/P	767	1
7b4t/B	768	1
7b4u/B	769	1
7b4u/D	769	0
7b4v/D	769	0
7b4w/B	768	0
7b4w/D	770	1
7bag/C	771	1
7bb6/H	772	1
7bb7/H	772	0
7bmc/B	773	1
7bmi/B	431	0
7bmj/B	431	0
7bos/B	774	1
7bot/B	775	1
7bph/B	776	1
7brl/L	777	1
7bti/X	778	0
7bti/Y	778	0
7bti/Z	778	1
7byd/C	779	1
7byd/H	779	0
7cfp/B	780	1
7cfq/B	780	0
7cl0/D	781	1
7cl1/C	782	1
7dne/C	783	1
7dne/D	783	0
7dnf/B	784	1
7dnf/E	784	0
7e5e/E	785	1
7e5e/F	786	0
7e5e/G	786	1
7e5e/H	786	0
7e6j/B	431	0
7e9k/C	787	0
7e9k/F	787	0
7e9l/C	787	1
7ec3/D	788	1
7ec3/G	788	0
7egr/K	789	0
7egr/L	790	0
7egr/M	789	0
7egr/N	790	1
7egr/O	790	0
7egr/P	789	1
7egr/Q	789	0
7egr/R	790	0
7egu/B	791	1
7ehz/B	792	1
7ei2/B	792	0
7ezw/B	793	1
7f0c/C	794	1
7f0f/C	794	0
7f7o/B	795	1
7fep/O	172	0
7fep/P	172	0
7fep/Q	172	0
7fep/R	172	0
7fep/S	172	0
7fep/T	172	0
7fep/U	172	0
7fep/V	172	0
7fep/W	172	0
7fep/X	172	0
7fep/Y	172	0
7fep/Z	172	0
7fep/a	172	0
7fep/b	172	0
7fer/O	172	1
7fer/P	172	0
7fer/Q	172	0
7fer/R	172	0
7fer/S	172	0
7fer/T	172	0
7fer/U	172	0
7fer/V	172	0
7fer/W	172	0
7fer/X	172	0
7fer/Y	172	0
7fer/Z	172	0
7fer/a	172	0
7fer/b	172	0
7jzo/C	796	1
7jzo/D	797	1
7jzp/C	798	1
7jzp/D	799	1
7jzq/C	800	1
7jzr/C	801	1
7jzr/D	802	1
7k2e/P	803	1
7k2f/C	804	1
7k2g/P	805	1
7k2h/P	806	1
7k2j/P	807	1
7k2k/P	808	1
7k2l/P	809	1
7k2m/P	806	0
7k2n/P	806	0
7k2o/P	806	0
7k2p/P	806	0
7k2q/P	806	0
7k2r/P	806	0
7k2s/P	806	0
7kd7/B	810	1
7kd7/E	810	0
7kev/C	811	1
7kfa/D	812	1
7kl1/C	813	1
7kl1/D	813	0
7knf/C	814	1
7knf/D	814	0
7kng/C	815	1
7kng/D	815	0
7kpu/B	810	0
7kpu/E	810	0
7l4z/R	816	0
7l4z/S	816	0
7l4z/T	816	0
7l4z/U	816	1
7l4z/V	817	1
7m5l/D	818	1
7m5l/E	819	1
7m5l/F	820	1
7m5m/D	821	1
7m5m/E	822	1
7m5n/D	823	1
7m5n/E	824	1
7m8u/C	825	1
7mhz/B	826	1
7mp3/L	827	1
7mp3/N	827	0
7mso/E	828	1
7mso/F	828	0
7mx1/C	829	1
7mx1/E	829	0
7n0w/G	830	1
7n0y/G	830	0
7n43/F	831	1
7n43/G	831	0
7n43/H	831	0
7n43/I	831	0
7n43/J	831	0
7n6j/B	832	1
7nre/C	833	0
7nrf/B	833	1
7nri/G	834	1
7nus/D	835	1
7nus/E	835	0
7nus/F	836	1
7o55/C	837	0
7obv/D	837	0
7oc2/D	838	0
7oju/H	839	1
7okp/E	840	0
7okp/F	841	0
7okp/G	841	1
7okp/H	841	0
7os4/E	841	0
7os4/F	840	0
7os4/G	840	1
7os4/H	841	0
7oun/B	842	1
7p1c/B	833	0
7p1g/F	674	0
7p1g/G	571	0
7p1g/H	571	0
7p1g/I	571	0
7p1g/J	674	0
7p80/I	173	0
7p80/J	173	0
7p81/c	173	0
7p81/d	173	0
7p81/e	173	0
7p81/f	173	0
7p81/g	173	0
7p81/h	173	0
7p81/i	173	0
7p81/j	173	0
7p81/k	173	0
7p81/l	173	0
7p81/m	173	0
7p81/n	173	0
7p81/o	173	0
7p81/p	173	0
7p81/q	173	0
7p81/r	173	0
7p81/t	173	0
7p81/u	173	0
7p81/v	843	1
7pcj/B	2	0
7pcj/E	2	0
7pdz/P	844	0
7pdz/Q	674	0
7pdz/R	674	0
7pdz/S	571	0
7pfq/D	837	0
7pfy/D	845	1
7pfz/C	838	1
7pg1/D	837	1
7pgc/C	838	0
7plt/H	844	1
7plu/H	571	0
7plu/I	674	1
7plu/J	674	0
7plv/H	844	0
7plw/H	844	0
7plx/H	844	0
7pm5/H	844	0
7pm6/H	571	0
7pm6/I	674	0
7pm6/J	674	0
7pm7/H	844	0
7pm8/H	844	0
7pm9/H	844	0
7pma/H	844	0
7pmb/H	844	0
7pmc/H	844	0
7pmd/H	844	0
7pme/H	571	0
7pme/I	674	0
7pme/J	674	0
7pmf/H	844	0
7pmg/H	844	0
7pmh/H	844	0
7pmi/H	844	0
7pmj/H	844	0
7pml/H	844	0
7q4i/F	846	1
7q4i/G	846	0
7r0c/B	772	0
7rc6/C	847	1
7rcu/U	848	1
7rk3/B	849	1
7rnw/W	850	1
7rnw/X	851	1
7rnw/Y	850	0
7rnw/Z	852	1
7rov/E	853	1
7rov/F	853	0
7roy/G	854	1
7rzf/a	855	1
7rzi/a	856	1
7rzi/c	856	0
7s4g/G	857	1
7s4g/I	858	1
7s4g/J	858	0
7s4g/K	857	0
7s5g/C	859	1
7s5h/C	860	1
7st7/h	616	0
7stx/C	861	1
7szi/D	862	1
7t1u/E	863	1
7tb1/C	864	1
7tb1/D	864	0
7tho/M	865	1
7tho/N	118	0
7tl7/a	866	0
7tl7/b	866	1
7tl7/c	866	0
7tl7/d	866	0
7tl8/B	867	1
7tpt/a	868	1
7tpt/b	571	0
7tpt/c	571	1
7tpt/d	571	0
7tpt/e	844	0
7tpt/f	674	0
7tpt/g	674	0
7tpt/h	674	0
7tpt/i	571	0
7tpt/j	571	0
7tpt/k	571	0
7tpt/l	571	0
7tpt/m	674	0
7tpt/n	571	0
7tpt/o	674	0
7u60/M	869	1
7u60/N	870	1
7ugw/E	871	1
7ujp/C	872	1
7v7k/C	873	1
7v8q/H	874	1
7v9b/B	875	1
7vac/I	874	0
7vf3/B	876	1
7vf3/D	876	0
7vfl/D	788	0
7vfl/G	788	0
7wae/J	877	0
7wae/K	877	0
7wae/L	877	0
7wae/M	877	0
7waf/I	877	1
7waf/J	877	0
7waf/K	877	0
7waf/L	877	0
7wj3/C	878	1
7xat/F	879	1
7xau/F	880	1
7xav/F	881	1
7xna/B	882	1
7zkr/B	883	1
7zl7/B	884	1
7zl7/D	884	0
8deu/D	885	1
8dev/D	886	1
8dtm/C	887	1
