idx	complex_id	pdb_id	chain	receptor_len	ligand_heavy_atoms
0	1a7z/A	1a7z	A	23	141
1	1b07/C	1b07	C	59	72
2	1bck/C	1bck	C	165	86
3	1bm2/L	1bm2	L	98	57
4	1by5/B	1by5	B	705	49
5	1bzh/I	1bzh	I	297	68
6	1c5f/B	1c5f	B	177	85
7	1c5f/D	1c5f	D	177	85
8	1c5f/F	1c5f	F	174	85
9	1c5f/H	1c5f	H	518	85
10	1c5f/J	1c5f	J	173	85
11	1c5f/L	1c5f	L	350	85
12	1c5f/N	1c5f	N	350	85
13	1c5f/P	1c5f	P	518	85
14	1cwa/C	1cwa	C	165	85
15	1cwb/C	1cwb	C	165	86
16	1cwc/C	1cwc	C	165	86
17	1cwf/C	1cwf	C	165	86
18	1cwh/C	1cwh	C	165	87
19	1cwi/C	1cwi	C	165	87
20	1cwj/C	1cwj	C	165	88
21	1cwk/C	1cwk	C	165	88
22	1cwl/C	1cwl	C	165	86
23	1cwm/C	1cwm	C	165	85
24	1cwo/C	1cwo	C	165	88
25	1cyn/C	1cyn	C	178	85
26	1czq/D	1czq	D	47	131
27	1d8t/C	1d8t	C	412	87
28	1d8t/D	1d8t	D	398	87
29	1dn2/E	1dn2	E	207	107
30	1dn2/F	1dn2	F	207	107
31	1eba/C	1eba	C	419	132
32	1eba/D	1eba	D	419	132
33	1ebp/C	1ebp	C	422	130
34	1ebp/D	1ebp	D	422	130
35	1fjm/M	1fjm	M	297	70
36	1fjm/N	1fjm	N	292	70
37	1g1s/C	1g1s	C	164	120
38	1gag/B	1gag	B	305	125
39	1gzl/C	1gzl	C	47	124
40	1gzl/D	1gzl	D	47	124
41	1h0g/C	1h0g	C	998	54
42	1h0g/D	1h0g	D	998	48
43	1h0i/C	1h0i	C	503	48
44	1h0i/D	1h0i	D	507	53
45	1hoy/B	1hoy	B	74	131
46	1hqq/E	1hqq	E	238	95
47	1hqq/F	1hqq	F	238	95
48	1hqq/G	1hqq	G	238	95
49	1hqq/H	1hqq	H	238	95
50	1hxl/C	1hxl	C	119	96
51	1hxl/D	1hxl	D	119	96
52	1hxz/C	1hxz	C	121	98
53	1hxz/D	1hxz	D	121	98
54	1hy2/E	1hy2	E	246	83
55	1hy2/F	1hy2	F	246	83
56	1hy2/G	1hy2	G	246	83
57	1hy2/H	1hy2	H	246	83
58	1jbd/B	1jbd	B	74	131
59	1jd2/8	1jd2	8	651	49
60	1jd2/9	1jd2	9	650	49
61	1jdp/H	1jdp	H	796	124
62	1jk4/B	1jk4	B	82	52
63	1k83/M	1k83	M	2452	64
64	1k9q/B	1k9q	B	40	46
65	1kzo/C	1kzo	C	733	61
66	1kzp/C	1kzp	C	733	50
67	1l5g/C	1l5g	C	1478	42
68	1l7z/B	1l7z	B	146	51
69	1m63/D	1m63	D	701	85
70	1m63/H	1m63	H	690	85
71	1mf8/D	1mf8	D	685	85
72	1mik/B	1mik	B	165	87
73	1n4q/R	1n4q	R	663	59
74	1n4r/M	1n4r	M	663	66
75	1n4r/N	1n4r	N	665	66
76	1n4r/O	1n4r	O	664	66
77	1n4r/P	1n4r	P	665	66
78	1n4r/Q	1n4r	Q	664	66
79	1n4r/R	1n4r	R	664	66
80	1n4s/M	1n4s	M	663	50
81	1n4s/N	1n4s	N	664	50
82	1n4s/O	1n4s	O	663	50
83	1n4s/P	1n4s	P	664	50
84	1n4s/Q	1n4s	Q	663	50
85	1n4s/R	1n4s	R	664	59
86	1n6d/G	1n6d	G	2046	49
87	1n6d/H	1n6d	H	2046	49
88	1n6d/I	1n6d	I	2046	49
89	1n6d/J	1n6d	J	2046	49
90	1n6d/K	1n6d	K	2046	49
91	1n6d/L	1n6d	L	2046	49
92	1npo/B	1npo	B	81	68
93	1npo/D	1npo	D	79	68
94	1oln/B	1oln	B	133	114
95	1osg/G	1osg	G	434	109
96	1osg/H	1osg	H	288	109
97	1osg/I	1osg	I	290	104
98	1osg/J	1osg	J	290	109
99	1osg/K	1osg	K	289	109
100	1osg/L	1osg	L	435	109
101	1ox1/B	1ox1	B	224	73
102	1pcg/E	1pcg	E	233	74
103	1pcg/F	1pcg	F	244	74
104	1pmx/B	1pmx	B	70	129
105	1pn3/C	1pn3	C	392	91
106	1pn3/D	1pn3	D	384	91
107	1pnv/C	1pnv	C	384	80
108	1qlf/C	1qlf	C	278	84
109	1qng/D	1qng	D	170	85
110	1qnh/C	1qnh	C	169	85
111	1qnh/D	1qnh	D	170	85
112	1rgr/B	1rgr	B	93	58
113	1rqq/E	1rqq	E	298	133
114	1rqq/F	1rqq	F	298	129
115	1rrv/C	1rrv	C	405	91
116	1rrv/D	1rrv	D	403	91
117	1sbw/I	1sbw	I	225	105
118	1sfi/I	1sfi	I	227	105
119	1sld/P	1sld	P	121	53
120	1sle/M	1sle	M	121	59
121	1sle/P	1sle	P	121	60
122	1sm1/5	1sm1	5	58	73
123	1t7d/C	1t7d	C	208	49
124	1t7d/D	1t7d	D	223	49
125	1tk2/B	1tk2	B	271	82
126	1tps/B	1tps	B	224	72
127	1u8p/C	1u8p	C	441	59
128	1u91/C	1u91	C	441	60
129	1u92/C	1u92	C	438	61
130	1u93/C	1u93	C	441	61
131	1url/B	1url	B	118	64
132	1v6d/B	1v6d	B	225	57
133	1vwb/P	1vwb	P	123	53
134	1vwc/P	1vwc	P	121	53
135	1vwd/P	1vwd	P	121	53
136	1vwe/P	1vwe	P	121	53
137	1vwf/P	1vwf	P	121	60
138	1vwi/M	1vwi	M	123	66
139	1vwi/P	1vwi	P	121	66
140	1vwj/M	1vwj	M	123	66
141	1vwj/P	1vwj	P	121	66
142	1vwk/M	1vwk	M	123	66
143	1vwk/P	1vwk	P	121	66
144	1vwl/M	1vwl	M	123	66
145	1vwl/P	1vwl	P	121	66
146	1vwm/P	1vwm	P	121	53
147	1vwn/P	1vwn	P	121	53
148	1vwo/P	1vwo	P	121	60
149	1vwp/P	1vwp	P	121	60
150	1vwq/P	1vwq	P	121	66
151	1vwr/P	1vwr	P	121	66
152	1w3m/C	1w3m	C	21	89
153	1w3m/G	1w3m	G	21	101
154	1w3m/I	1w3m	I	21	83
155	1w3m/J	1w3m	J	21	98
156	1w7q/B	1w7q	B	29	153
157	1w9u/C	1w9u	C	399	48
158	1w9u/D	1w9u	D	398	48
159	1w9v/C	1w9v	C	398	48
160	1w9v/D	1w9v	D	398	48
161	1waw/B	1waw	B	371	48
162	1wb0/B	1wb0	B	371	48
163	1xkh/I	1xkh	I	688	94
164	1xkh/J	1xkh	J	688	94
165	1xkh/K	1xkh	K	688	94
166	1xq7/D	1xq7	D	166	85
167	1xq7/E	1xq7	E	166	85
168	1xq7/F	1xq7	F	166	85
169	1yf4/B	1yf4	B	224	75
170	1yjw/4	1yjw	4	153	74
171	2axi/B	2axi	B	95	99
172	2bcd/B	2bcd	B	303	55
173	2bdx/B	2bdx	B	295	65
174	2br8/F	2br8	F	410	119
175	2br8/G	2br8	G	411	119
176	2br8/H	2br8	H	411	114
177	2br8/I	2br8	I	411	119
178	2br8/J	2br8	J	411	114
179	2byp/F	2byp	F	422	91
180	2byp/G	2byp	G	424	91
181	2byp/H	2byp	H	425	91
182	2byp/I	2byp	I	418	91
183	2byp/J	2byp	J	419	91
184	2c77/B	2c77	B	407	87
185	2c9t/K	2c9t	K	410	91
186	2c9t/M	2c9t	M	410	91
187	2c9t/O	2c9t	O	410	91
188	2c9t/P	2c9t	P	410	91
189	2c9t/Q	2c9t	Q	410	91
190	2c9t/R	2c9t	R	410	91
191	2c9t/S	2c9t	S	410	91
192	2c9t/T	2c9t	T	410	91
193	2cv3/B	2cv3	B	240	91
194	2esl/I	2esl	I	366	85
195	2esl/J	2esl	J	366	85
196	2esl/K	2esl	K	365	85
197	2esl/L	2esl	L	366	85
198	2esl/M	2esl	M	366	85
199	2esl/N	2esl	N	365	85
200	2g1t/E	2g1t	E	272	101
201	2g1t/F	2g1t	F	274	111
202	2g1t/G	2g1t	G	277	92
203	2g1t/H	2g1t	H	550	105
204	2g2f/C	2g2f	C	275	92
205	2ghq/C	2ghq	C	180	42
206	2gj6/C	2gj6	C	726	94
207	2gs6/B	2gs6	B	312	72
208	2h6f/P	2h6f	P	731	43
209	2h6g/P	2h6g	P	726	48
210	2h6h/P	2h6h	P	727	73
211	2h6i/P	2h6i	P	726	48
212	2i6o/B	2i6o	B	159	75
213	2iae/M	2iae	M	684	71
214	2iae/N	2iae	N	670	71
215	2iah/I	2iah	I	753	95
216	2ie3/I	2ie3	I	290	71
217	2izq/D	2izq	D	48	140
218	2j9a/D	2j9a	D	493	52
219	2jf9/P	2jf9	P	436	107
220	2jf9/R	2jf9	R	436	107
221	2jq7/C	2jq7	C	134	114
222	2l6e/B	2l6e	B	94	124
223	2lp8/B	2lp8	B	185	145
224	2mbz/B	2mbz	B	143	57
225	2mc0/B	2mc0	B	143	82
226	2npp/X	2npp	X	698	69
227	2npp/Y	2npp	Y	698	69
228	2nwn/B	2nwn	B	240	102
229	2nyl/G	2nyl	G	683	71
230	2nyl/H	2nyl	H	683	71
231	2nym/G	2nym	G	683	71
232	2nym/H	2nym	H	683	71
233	2o9q/C	2o9q	C	227	105
234	2oju/C	2oju	C	163	85
235	2oju/D	2oju	D	166	85
236	2oqj/C	2oqj	C	435	124
237	2oqj/I	2oqj	I	435	119
238	2oqj/L	2oqj	L	455	133
239	2poy/T	2poy	T	168	85
240	2poy/U	2poy	U	340	85
241	2poy/V	2poy	V	340	85
242	2q3i/D	2q3i	D	47	125
243	2qki/G	2qki	G	645	113
244	2qki/H	2qki	H	656	119
245	2r3c/C	2r3c	C	96	108
246	2r3c/D	2r3c	D	96	117
247	2r5b/H	2r5b	H	95	122
248	2r5b/K	2r5b	K	97	125
249	2r5b/L	2r5b	L	96	125
250	2r5d/H	2r5d	H	95	125
251	2r5d/K	2r5d	K	97	125
252	2r5d/L	2r5d	L	96	125
253	2rma/B	2rma	B	495	85
254	2rma/D	2rma	D	495	85
255	2rma/F	2rma	F	495	85
256	2rma/H	2rma	H	495	85
257	2rma/J	2rma	J	495	85
258	2rma/L	2rma	L	495	85
259	2rma/N	2rma	N	495	85
260	2rma/P	2rma	P	495	85
261	2rma/R	2rma	R	495	85
262	2rma/T	2rma	T	495	85
263	2rmb/B	2rmb	B	495	86
264	2rmb/D	2rmb	D	495	86
265	2rmb/F	2rmb	F	495	86
266	2rmb/H	2rmb	H	495	86
267	2rmb/J	2rmb	J	495	86
268	2rmb/L	2rmb	L	495	86
269	2rmb/N	2rmb	N	495	86
270	2rmb/P	2rmb	P	495	86
271	2rmb/R	2rmb	R	495	86
272	2rmb/T	2rmb	T	495	86
273	2rmc/B	2rmc	B	182	85
274	2rmc/D	2rmc	D	182	85
275	2rmc/F	2rmc	F	182	85
276	2rmc/H	2rmc	H	182	85
277	2uue/E	2uue	E	258	56
278	2uue/F	2uue	F	258	56
279	2uz6/K	2uz6	K	410	115
280	2uz6/L	2uz6	L	410	115
281	2uz6/M	2uz6	M	411	115
282	2uz6/N	2uz6	N	412	115
283	2uz6/O	2uz6	O	411	115
284	2uz6/P	2uz6	P	411	115
285	2uz6/Q	2uz6	Q	412	115
286	2uz6/R	2uz6	R	411	115
287	2uz6/S	2uz6	S	410	115
288	2uz6/T	2uz6	T	616	115
289	2vdn/C	2vdn	C	919	57
290	2vum/M	2vum	M	2528	64
291	2w16/C	2w16	C	758	95
292	2w3o/C	2w3o	C	205	68
293	2w3o/D	2w3o	D	205	68
294	2w44/A	2w44	A	59	143
295	2w44/C	2w44	C	56	143
296	2w44/E	2w44	E	59	143
297	2w6t/C	2w6t	C	758	98
298	2w6u/C	2w6u	C	758	84
299	2w76/C	2w76	C	758	84
300	2w77/C	2w77	C	758	99
301	2w78/C	2w78	C	758	83
302	2wfj/B	2wfj	B	176	85
303	2why/B	2why	B	294	64
304	2x3t/E	2x3t	E	347	48
305	2x3t/M	2x3t	M	344	48
306	2x7k/B	2x7k	B	167	85
307	2xad/E	2xad	E	516	131
308	2xad/F	2xad	F	517	132
309	2xad/G	2xad	G	258	132
310	2xad/H	2xad	H	257	132
311	2ydq/T	2ydq	T	597	53
312	2ydr/P	2ydr	P	597	78
313	2yja/A	2yja	A	246	99
314	2yjd/C	2yjd	C	224	97
315	2yjd/D	2yjd	D	224	97
316	2z2p/C	2z2p	C	296	73
317	2z2p/D	2z2p	D	592	73
318	2z6w/M	2z6w	M	165	85
319	2z6w/N	2z6w	N	329	85
320	2zjp/5	2zjp	5	2858	82
321	2zvl/V	2zvl	V	248	111
322	2zvl/W	2zvl	W	248	104
323	2zvl/Y	2zvl	Y	245	111
324	2zvl/Z	2zvl	Z	244	97
325	3a79/C	3a79	C	1080	88
326	3ah8/Y	3ah8	Y	673	68
327	3auw/A	3auw	A	177	142
328	3auw/C	3auw	C	177	142
329	3av9/X	3av9	X	314	60
330	3av9/Y	3av9	Y	314	60
331	3ava/X	3ava	X	311	62
332	3ava/Y	3ava	Y	311	62
333	3avb/X	3avb	X	312	63
334	3avb/Y	3avb	Y	312	63
335	3avc/D	3avc	D	310	63
336	3avc/F	3avc	F	310	63
337	3avf/D	3avf	D	312	65
338	3avf/F	3avf	F	312	65
339	3avg/D	3avg	D	310	62
340	3avg/F	3avg	F	310	62
341	3avh/E	3avh	E	310	65
342	3avh/F	3avh	F	310	65
343	3avi/D	3avi	D	311	63
344	3avi/F	3avi	F	311	63
345	3avj/D	3avj	D	311	62
346	3avj/F	3avj	F	311	62
347	3avk/D	3avk	D	310	64
348	3avk/F	3avk	F	310	64
349	3avl/E	3avl	E	310	61
350	3avl/F	3avl	F	310	61
351	3avm/D	3avm	D	312	66
352	3avm/F	3avm	F	312	66
353	3avn/G	3avn	G	310	65
354	3avn/H	3avn	H	310	65
355	3ax3/B	3ax3	B	134	86
356	3ax3/D	3ax3	D	134	86
357	3ax3/F	3ax3	F	68	86
358	3ax3/H	3ax3	H	68	86
359	3ax5/B	3ax5	B	70	85
360	3ax5/D	3ax5	D	142	85
361	3bo7/E	3bo7	E	526	85
362	3bo7/F	3bo7	F	349	85
363	3bo7/G	3bo7	G	348	89
364	3bo7/H	3bo7	H	520	85
365	3cf5/5	3cf5	5	2860	114
366	3cqz/M	3cqz	M	2413	64
367	3cys/B	3cys	B	165	85
368	3dw8/G	3dw8	G	711	71
369	3dw8/H	3dw8	H	711	71
370	3e4z/C	3e4z	C	953	63
371	3e50/D	3e50	D	955	82
372	3e7a/C	3e7a	C	306	59
373	3e7a/D	3e7a	D	306	54
374	3egh/E	3egh	E	299	55
375	3egh/F	3egh	F	296	54
376	3eov/C	3eov	C	166	85
377	3eov/D	3eov	D	166	85
378	3fga/E	3fga	E	708	71
379	3fqr/C	3fqr	C	281	77
380	3g5v/C	3g5v	C	417	125
381	3g5y/E	3g5y	E	423	122
382	3gkr/B	3gkr	B	339	82
383	3hgz/E	3hgz	E	960	71
384	3hsv/M	3hsv	M	268	72
385	3iet/Q	3iet	Q	646	56
386	3iet/X	3iet	X	427	82
387	3iiq/C	3iiq	C	225	59
388	3iiq/D	3iiq	D	226	49
389	3iux/B	3iux	B	171	153
390	3iux/D	3iux	D	171	153
391	3k48/R	3k48	R	274	141
392	3k48/S	3k48	S	274	116
393	3k48/T	3k48	T	274	116
394	3kti/H	3kti	H	352	52
395	3kti/I	3kti	I	352	52
396	3kti/J	3kti	J	352	52
397	3kti/K	3kti	K	352	52
398	3kti/L	3kti	L	352	52
399	3kti/M	3kti	M	352	52
400	3kti/N	3kti	N	352	52
401	3ktj/H	3ktj	H	350	57
402	3ktj/I	3ktj	I	350	57
403	3ktj/J	3ktj	J	350	57
404	3ktj/K	3ktj	K	350	57
405	3ktj/L	3ktj	L	350	57
406	3ktj/M	3ktj	M	350	57
407	3ktj/N	3ktj	N	350	57
408	3ktk/0	3ktk	0	348	57
409	3ktk/1	3ktk	1	348	57
410	3ktk/O	3ktk	O	348	57
411	3ktk/P	3ktk	P	348	57
412	3ktk/Q	3ktk	Q	348	57
413	3ktk/R	3ktk	R	348	57
414	3ktk/S	3ktk	S	348	57
415	3ktk/T	3ktk	T	348	57
416	3ktk/U	3ktk	U	348	57
417	3ktk/V	3ktk	V	348	57
418	3ktk/W	3ktk	W	348	57
419	3ktk/X	3ktk	X	348	57
420	3ktk/Y	3ktk	Y	348	57
421	3ktk/Z	3ktk	Z	348	57
422	3l35/H	3l35	H	94	144
423	3l35/K	3l35	K	94	144
424	3l35/L	3l35	L	94	132
425	3l36/H	3l36	H	47	154
426	3l37/H	3l37	H	47	144
427	3l8l/C	3l8l	C	41	138
428	3l8l/D	3l8l	D	41	139
429	3m17/I	3m17	I	263	109
430	3m17/J	3m17	J	362	109
431	3m17/K	3m17	K	724	109
432	3m17/L	3m17	L	362	109
433	3m1b/I	3m1b	I	263	83
434	3m1b/J	3m1b	J	362	94
435	3m4c/E	3m4c	E	113	111
436	3mg9/B	3mg9	B	257	91
437	3mg9/C	3mg9	C	257	85
438	3mgb/C	3mgb	C	290	85
439	3mgb/D	3mgb	D	290	85
440	3mgn/G	3mgn	G	94	117
441	3mgn/H	3mgn	H	94	121
442	3mgn/I	3mgn	I	94	106
443	3mgn/J	3mgn	J	94	99
444	3mgn/K	3mgn	K	188	130
445	3mgn/L	3mgn	L	94	117
446	3mk8/B	3mk8	B	141	148
447	3mt6/1	3mt6	1	386	52
448	3mt6/2	3mt6	2	384	52
449	3mt6/4	3mt6	4	185	52
450	3mt6/c	3mt6	c	380	52
451	3mt6/d	3mt6	d	380	52
452	3mt6/e	3mt6	e	381	52
453	3mt6/f	3mt6	f	382	52
454	3mt6/g	3mt6	g	383	52
455	3mt6/h	3mt6	h	379	52
456	3mt6/i	3mt6	i	384	52
457	3mt6/j	3mt6	j	382	52
458	3mt6/k	3mt6	k	379	52
459	3mt6/l	3mt6	l	382	52
460	3mt6/m	3mt6	m	382	52
461	3mt6/n	3mt6	n	376	52
462	3mt6/o	3mt6	o	379	52
463	3mt6/p	3mt6	p	383	52
464	3mt6/q	3mt6	q	381	52
465	3mt6/r	3mt6	r	372	52
466	3mt6/s	3mt6	s	368	52
467	3mt6/t	3mt6	t	373	52
468	3mt6/u	3mt6	u	376	52
469	3mt6/v	3mt6	v	370	52
470	3mt6/w	3mt6	w	377	52
471	3mt6/x	3mt6	x	379	52
472	3mt6/y	3mt6	y	373	52
473	3mt6/z	3mt6	z	186	52
474	3n7y/D	3n7y	D	98	47
475	3n7y/E	3n7y	E	98	47
476	3n7y/F	3n7y	F	98	47
477	3n84/G	3n84	G	111	54
478	3n84/H	3n84	H	218	54
479	3n84/I	3n84	I	110	54
480	3n84/J	3n84	J	212	54
481	3n84/K	3n84	K	103	60
482	3n84/L	3n84	L	104	54
483	3odi/B	3odi	B	493	86
484	3odi/D	3odi	D	492	86
485	3odi/F	3odi	F	492	86
486	3odi/H	3odi	H	495	86
487	3odi/J	3odi	J	494	86
488	3odi/L	3odi	L	493	86
489	3odi/N	3odi	N	493	86
490	3odi/P	3odi	P	495	86
491	3odi/R	3odi	R	494	86
492	3odi/T	3odi	T	491	86
493	3odl/B	3odl	B	495	86
494	3odl/D	3odl	D	495	86
495	3odl/F	3odl	F	495	86
496	3odl/H	3odl	H	495	86
497	3odl/J	3odl	J	495	86
498	3odl/L	3odl	L	495	86
499	3odl/N	3odl	N	495	86
500	3odl/P	3odl	P	495	86
501	3odl/R	3odl	R	495	86
502	3odl/T	3odl	T	495	86
503	3oe0/I	3oe0	I	433	150
504	3p72/B	3p72	B	270	86
505	3p8f/I	3p8f	I	242	105
506	3pmp/C	3pmp	C	163	85
507	3pmp/D	3pmp	D	163	85
508	3pqz/L	3pqz	L	306	100
509	3pqz/M	3pqz	M	306	100
510	3qg6/D	3qg6	D	432	58
511	3qn7/B	3qn7	B	245	126
512	3qv1/I	3qv1	I	679	160
513	3rqd/C	3rqd	C	716	32
514	3rqd/D	3rqd	D	716	32
515	3rul/E	3rul	E	81	128
516	3rul/F	3rul	F	82	128
517	3rul/G	3rul	G	79	128
518	3rul/H	3rul	H	79	128
519	3rum/B	3rum	B	384	106
520	3rum/C	3rum	C	384	111
521	3run/B	3run	B	175	88
522	3rvd/N	3rvd	N	677	160
523	3s04/I	3s04	I	223	60
524	3s04/J	3s04	J	209	60
525	3tdz/E	3tdz	E	191	95
526	3tdz/F	3tdz	F	192	95
527	3u2q/B	3u2q	B	387	92
528	3u4w/B	3u4w	B	283	52
529	3u6b/C	3u6b	C	378	84
530	3u6b/D	3u6b	D	371	84
531	3u6k/C	3u6k	C	388	85
532	3u6k/D	3u6k	D	388	85
533	3ut5/F	3ut5	F	869	35
534	3v3b/C	3v3b	C	90	96
535	3v3b/D	3v3b	D	92	119
536	3v56/G	3v56	G	433	111
537	3v56/H	3v56	H	288	99
538	3v56/I	3v56	I	289	99
539	3v56/J	3v56	J	289	99
540	3v56/K	3v56	K	288	108
541	3v56/L	3v56	L	434	108
542	3v56/Z	3v56	Z	144	91
543	3vfj/G	3vfj	G	388	136
544	3vfk/G	3vfk	G	79	131
545	3vvr/B	3vvr	B	443	72
546	3vvs/B	3vvs	B	456	82
547	3wbn/B	3wbn	B	455	156
548	3wdc/B	3wdc	B	148	75
549	3wdd/B	3wdd	B	148	75
550	3wde/B	3wde	B	148	75
551	3wmg/B	3wmg	B	594	174
552	3wne/C	3wne	C	282	44
553	3wne/D	3wne	D	282	44
554	3wnf/C	3wnf	C	279	49
555	3wnf/D	3wnf	D	279	49
556	3wng/C	3wng	C	286	47
557	3wng/D	3wng	D	286	47
558	3wnh/C	3wnh	C	283	47
559	3wnh/D	3wnh	D	283	47
560	3wxa/C	3wxa	C	171	90
561	3zgc/C	3zgc	C	580	50
562	4abi/B	4abi	B	236	90
563	4abj/B	4abj	B	230	86
564	4ay5/I	4ay5	I	699	92
565	4ay5/J	4ay5	J	699	92
566	4ay5/K	4ay5	K	699	92
567	4ay5/L	4ay5	L	699	92
568	4b8y/B	4b8y	B	288	49
569	4bea/B	4bea	B	181	110
570	4bvg/B	4bvg	B	287	101
571	4cdr/E	4cdr	E	706	83
572	4cdr/F	4cdr	F	705	83
573	4cdr/G	4cdr	G	704	78
574	4cdr/H	4cdr	H	705	83
575	4d0t/P	4d0t	P	988	61
576	4dcb/F	4dcb	F	285	64
577	4dgc/F	4dgc	F	323	85
578	4dgc/G	4dgc	G	159	85
579	4dgc/H	4dgc	H	160	85
580	4dgc/I	4dgc	I	317	85
581	4dgc/J	4dgc	J	317	85
582	4djs/B	4djs	B	507	143
583	4eec/C	4eec	C	496	86
584	4ez1/K	4ez1	K	411	88
585	4ez1/L	4ez1	L	406	88
586	4ez1/M	4ez1	M	405	88
587	4ez1/N	4ez1	N	410	88
588	4ez1/O	4ez1	O	416	88
589	4f56/C	4f56	C	268	91
590	4f56/D	4f56	D	273	91
591	4fn5/B	4fn5	B	670	60
592	4g5g/I	4g5g	I	395	81
593	4gly/B	4gly	B	256	98
594	4gm9/E	4gm9	E	309	42
595	4gm9/F	4gm9	F	310	42
596	4gmb/E	4gmb	E	307	44
597	4gvc/B	4gvc	B	95	94
598	4gvd/C	4gvd	C	181	88
599	4gvd/D	4gvd	D	90	76
600	4gvu/B	4gvu	B	242	68
601	4gw1/E	4gw1	E	434	100
602	4gw1/F	4gw1	F	435	100
603	4gw5/E	4gw5	E	429	94
604	4gw5/F	4gw5	F	430	94
605	4gyw/B	4gyw	B	697	114
606	4gyw/D	4gyw	D	675	114
607	4gz3/B	4gz3	B	697	114
608	4gz3/D	4gz3	D	675	114
609	4hgc/I	4hgc	I	232	90
610	4hy7/B	4hy7	B	170	85
611	4i5l/G	4i5l	G	298	71
612	4i5l/H	4i5l	H	300	71
613	4i5n/G	4i5n	G	296	71
614	4i5n/H	4i5n	H	295	71
615	4i80/B	4i80	B	484	81
616	4ib5/D	4ib5	D	674	97
617	4ib5/E	4ib5	E	330	97
618	4ib5/F	4ib5	F	336	97
619	4ib5/G	4ib5	G	336	97
620	4ihg/L	4ihg	L	1003	97
621	4ihh/H	4ihh	H	1013	97
622	4ihh/L	4ihh	L	1013	97
623	4ii9/B	4ii9	B	338	74
624	4ioi/C	4ioi	C	497	97
625	4ipz/B	4ipz	B	165	95
626	4jjm/E	4jjm	E	339	85
627	4jjm/F	4jjm	F	170	85
628	4jk5/B	4jk5	B	252	133
629	4jk6/B	4jk6	B	251	133
630	4jna/H	4jna	H	599	38
631	4jna/I	4jna	I	599	38
632	4jt0/c	4jt0	c	435	52
633	4k1e/B	4k1e	B	225	109
634	4k8y/B	4k8y	B	223	95
635	4kel/B	4kel	B	223	109
636	4kts/B	4kts	B	224	128
637	4ktu/B	4ktu	B	224	106
638	4kvm/I	4kvm	I	156	77
639	4kvm/J	4kvm	J	154	77
640	4kvm/K	4kvm	K	154	77
641	4kvm/L	4kvm	L	154	77
642	4l3o/E	4l3o	E	594	144
643	4l3o/F	4l3o	F	298	144
644	4l3o/G	4l3o	G	298	148
645	4l3o/H	4l3o	H	594	144
646	4lkd/I	4lkd	I	123	36
647	4lkd/J	4lkd	J	123	29
648	4lkd/K	4lkd	K	123	22
649	4lkd/L	4lkd	L	123	36
650	4lkd/M	4lkd	M	123	34
651	4lkd/N	4lkd	N	123	22
652	4lkd/O	4lkd	O	123	26
653	4lkd/P	4lkd	P	123	36
654	4lke/E	4lke	E	123	28
655	4lke/F	4lke	F	123	43
656	4lke/H	4lke	H	123	42
657	4lkf/C	4lkf	C	123	45
658	4lkl/B	4lkl	B	214	64
659	4lkm/B	4lkm	B	227	77
660	4mex/M	4mex	M	2493	73
661	4mex/N	4mex	N	2486	73
662	4mfl/B	4mfl	B	327	121
663	4mfp/B	4mfp	B	326	132
664	4mfq/B	4mfq	B	326	138
665	4mnv/B	4mnv	B	248	85
666	4mnw/B	4mnw	B	253	119
667	4mnx/B	4mnx	B	248	125
668	4mny/C	4mny	C	251	113
669	4mny/D	4mny	D	251	113
670	4mq9/I	4mq9	I	2468	52
671	4mzj/T	4mzj	T	142	151
672	4mzk/T	4mzk	T	142	149
673	4mzl/C	4mzl	C	276	141
674	4mzl/D	4mzl	D	276	143
675	4n5t/B	4n5t	B	90	125
676	4n7y/C	4n7y	C	230	82
677	4n7y/D	4n7y	D	223	82
678	4n84/C	4n84	C	227	77
679	4n84/E	4n84	E	226	77
680	4nec/E	4nec	E	242	77
681	4nec/F	4nec	F	246	77
682	4nec/G	4nec	G	235	77
683	4nec/H	4nec	H	243	77
684	4nge/E	4nge	E	989	44
685	4no2/C	4no2	C	275	99
686	4o3u/P	4o3u	P	219	114
687	4oin/I	4oin	I	2602	52
688	4oip/I	4oip	I	2605	52
689	4oiq/I	4oiq	I	2604	52
690	4oir/I	4oir	I	2602	52
691	4os1/B	4os1	B	248	104
692	4os2/B	4os2	B	249	99
693	4os4/B	4os4	B	250	104
694	4os5/B	4os5	B	247	104
695	4os6/B	4os6	B	248	99
696	4os7/B	4os7	B	249	117
697	4ou3/B	4ou3	B	915	40
698	4pjz/B	4pjz	B	168	143
699	4pk0/B	4pk0	B	176	121
700	4pk2/B	4pk2	B	188	86
701	4pk3/B	4pk3	B	188	85
702	4q9i/B	4q9i	B	1184	30
703	4q9i/C	4q9i	C	1184	30
704	4q9j/B	4q9j	B	1187	36
705	4q9j/C	4q9j	C	1187	36
706	4q9j/D	4q9j	D	1187	36
707	4q9k/B	4q9k	B	1187	39
708	4q9l/B	4q9l	B	1187	48
709	4q9l/C	4q9l	C	1187	48
710	4r1e/B	4r1e	B	142	132
711	4r8m/C	4r8m	C	287	50
712	4r8m/D	4r8m	D	286	50
713	4tky/E	4tky	E	565	54
714	4tky/F	4tky	F	188	54
715	4tky/G	4tky	G	377	54
716	4tky/H	4tky	H	188	54
717	4tot/E	4tot	E	166	95
718	4tot/F	4tot	F	331	95
719	4tot/G	4tot	G	330	95
720	4tot/H	4tot	H	331	95
721	4tuj/E	4tuj	E	425	99
722	4tuj/F	4tuj	F	419	96
723	4twt/E	4twt	E	435	112
724	4twt/F	4twt	F	276	100
725	4u0g/c	4u0g	c	401	57
726	4u0g/d	4u0g	d	403	57
727	4u0g/e	4u0g	e	400	57
728	4u0g/f	4u0g	f	401	57
729	4u0g/g	4u0g	g	402	57
730	4u0g/h	4u0g	h	399	57
731	4u0g/i	4u0g	i	400	57
732	4u0g/j	4u0g	j	399	57
733	4u0g/k	4u0g	k	398	57
734	4u0g/l	4u0g	l	400	57
735	4u0g/m	4u0g	m	403	57
736	4u0g/n	4u0g	n	401	57
737	4u0g/o	4u0g	o	398	57
738	4u0g/p	4u0g	p	399	62
739	4u1u/B6	4u1u	B6	3092	73
740	4u1v/B6	4u1v	B6	3092	69
741	4u26/B6	4u26	B6	3092	73
742	4u27/B6	4u27	B6	3091	69
743	4u2w/B	4u2w	B	234	111
744	4u6g/C	4u6g	C	443	156
745	4ud7/F	4ud7	F	193	133
746	4ud7/G	4ud7	G	193	130
747	4ud7/H	4ud7	H	96	103
748	4ud7/I	4ud7	I	96	93
749	4ue1/F	4ue1	F	200	132
750	4ue1/G	4ue1	G	200	129
751	4ue1/H	4ue1	H	96	103
752	4ue1/I	4ue1	I	96	103
753	4umn/C	4umn	C	188	112
754	4umn/D	4umn	D	188	112
755	4utr/C	4utr	C	265	76
756	4utv/C	4utv	C	258	81
757	4utx/C	4utx	C	265	75
758	4utz/D	4utz	D	263	77
759	4uu7/D	4uu7	D	266	76
760	4uua/D	4uua	D	264	86
761	4uub/D	4uub	D	264	79
762	4v7c/AY	4v7c	AY	2897	48
763	4v7d/BY	4v7d	BY	4435	48
764	4v7l/CZ	4v7l	CZ	4662	48
765	4v7m/CZ	4v7m	CZ	4609	47
766	4v85/AY	4v85	AY	4844	48
767	4v9j/AU	4v9j	AU	4390	48
768	4v9k/AU	4v9k	AU	4390	48
769	4v9l/AU	4v9l	AU	4391	48
770	4v9o/BW	4v9o	BW	4563	48
771	4v9p/BW	4v9p	BW	4557	48
772	4w4z/E	4w4z	E	182	98
773	4w4z/F	4w4z	F	362	98
774	4w4z/G	4w4z	G	179	98
775	4w4z/H	4w4z	H	179	104
776	4w50/E	4w50	E	181	97
777	4w50/F	4w50	F	358	97
778	4w50/G	4w50	G	179	97
779	4w50/H	4w50	H	179	97
780	4wc8/D	4wc8	D	20	135
781	4wc8/G	4wc8	G	20	141
782	4wc8/H	4wc8	H	20	141
783	4wc8/J	4wc8	J	20	142
784	4wfd/C	4wfd	C	198	115
785	4wfd/F	4wfd	F	192	72
786	4wfd/I	4wfd	I	181	68
787	4wk4/C	4wk4	C	895	58
788	4wkm/I	4wkm	I	394	56
789	4wkm/J	4wkm	J	394	42
790	4wkm/K	4wkm	K	394	56
791	4wkm/L	4wkm	L	394	42
792	4wkm/M	4wkm	M	394	42
793	4wkm/N	4wkm	N	394	56
794	4wkm/O	4wkm	O	394	42
795	4wkm/P	4wkm	P	394	56
796	4wvt/C	4wvt	C	80	58
797	4wvt/D	4wvt	D	160	58
798	4wvu/B	4wvu	B	82	53
799	4wx4/C	4wx4	C	203	95
800	4x3o/C	4x3o	C	301	85
801	4x3p/C	4x3p	C	300	50
802	4x6s/L	4x6s	L	106	104
803	4x6s/M	4x6s	M	107	100
804	4x9r/B	4x9r	B	220	67
805	4x9v/B	4x9v	B	217	69
806	4xhv/B	4xhv	B	96	91
807	4xoj/B	4xoj	B	236	95
808	4xpd/F	4xpd	F	1118	102
809	4y1c/C	4y1c	C	292	51
810	4y1d/D	4y1d	D	293	50
811	4y78/1	4y78	1	429	29
812	4y78/4	4y78	4	426	41
813	4ya9/c	4ya9	c	428	41
814	4ya9/f	4ya9	f	427	41
815	4ydv/P	4ydv	P	220	83
816	4ydv/Q	4ydv	Q	426	83
817	4ygw/b	4ygw	b	105	127
818	4yv9/E	4yv9	E	537	85
819	4yv9/F	4yv9	F	537	85
820	4yv9/G	4yv9	G	539	85
821	4yv9/H	4yv9	H	539	85
822	4z09/C	4z09	C	271	95
823	4z0d/C	4z0d	C	273	100
824	4z0e/C	4z0e	C	270	100
825	4z0f/C	4z0f	C	278	106
826	4zfz/C	4zfz	C	292	43
827	4zfz/F	4zfz	F	289	43
828	4zfz/I	4zfz	I	291	43
829	4zfz/L	4zfz	L	292	43
830	4zjx/B	4zjx	B	421	69
831	4zqw/A	4zqw	A	334	103
832	4zqw/C	4zqw	C	334	103
833	4zxl/H	4zxl	H	594	39
834	5a0e/C	5a0e	C	329	97
835	5a0e/E	5a0e	E	164	97
836	5ad0/C	5ad0	C	269	91
837	5afg/B	5afg	B	83	129
838	5agu/C	5agu	C	375	79
839	5agu/D	5agu	D	378	79
840	5agv/C	5agv	C	400	85
841	5agv/D	5agv	D	406	85
842	5ah2/E	5ah2	E	760	79
843	5ah2/F	5ah2	F	760	79
844	5ah2/G	5ah2	G	760	79
845	5ah2/H	5ah2	H	760	79
846	5ah4/C	5ah4	C	761	85
847	5ah4/D	5ah4	D	761	85
848	5ajp/B	5ajp	B	518	108
849	5awv/I	5awv	I	501	110
850	5awv/J	5awv	J	500	110
851	5awv/K	5awv	K	500	133
852	5awv/L	5awv	L	501	122
853	5awv/M	5awv	M	500	133
854	5awv/N	5awv	N	500	133
855	5awv/O	5awv	O	500	146
856	5awv/P	5awv	P	501	133
857	5azf/D	5azf	D	127	42
858	5b4w/G	5b4w	G	871	144
859	5b4w/H	5b4w	H	871	144
860	5b4w/I	5b4w	I	880	144
861	5b4w/J	5b4w	J	880	144
862	5b4w/K	5b4w	K	918	144
863	5b4w/L	5b4w	L	918	144
864	5bjt/P	5bjt	P	263	115
865	5bjt/Q	5bjt	Q	263	121
866	5bjt/R	5bjt	R	526	121
867	5bjt/S	5bjt	S	526	112
868	5bjt/T	5bjt	T	526	106
869	5bjt/U	5bjt	U	526	112
870	5bjt/V	5bjt	V	263	106
871	5bmm/C	5bmm	C	275	52
872	5bmm/D	5bmm	D	275	52
873	5bwo/B	5bwo	B	275	84
874	5bxo/C	5bxo	C	164	74
875	5bxo/D	5bxo	D	168	74
876	5bxu/B	5bxu	B	164	80
877	5c3g/B	5c3g	B	138	134
878	5cgg/g	5cgg	g	436	46
879	5cgg/h	5cgg	h	436	46
880	5cgh/e	5cgh	e	437	43
881	5cgh/f	5cgh	f	436	43
882	5co5/C	5co5	C	414	109
883	5co5/E	5co5	E	414	109
884	5co5/F	5co5	F	414	109
885	5co5/H	5co5	H	414	109
886	5co5/J	5co5	J	414	109
887	5cs2/B	5cs2	B	148	75
888	5d2a/C	5d2a	C	116	63
889	5d2a/D	5d2a	D	232	30
890	5d2a/E	5d2a	E	232	30
891	5d8h/D	5d8h	D	159	114
892	5di8/C	5di8	C	208	107
893	5dir/E	5dir	E	163	46
894	5dir/F	5dir	F	307	96
895	5dir/G	5dir	G	154	46
896	5dir/H	5dir	H	156	46
897	5diy/P	5diy	P	463	52
898	5diy/Q	5diy	Q	462	52
899	5dj0/C	5dj0	C	208	107
900	5dj2/C	5dj2	C	208	107
901	5dj6/C	5dj6	C	208	107
902	5dj8/C	5dj8	C	208	107
903	5dja/C	5dja	C	208	103
904	5djc/C	5djc	C	207	107
905	5djc/F	5djc	F	415	107
906	5djd/C	5djd	C	208	103
907	5djx/C	5djx	C	416	107
908	5djx/F	5djx	F	208	103
909	5djy/C	5djy	C	208	107
910	5djz/C	5djz	C	209	107
911	5dk0/C	5dk0	C	207	107
912	5dk2/C	5dk2	C	207	107
913	5dkp/O	5dkp	O	385	52
914	5dkp/P	5dkp	P	379	52
915	5dkp/Q	5dkp	Q	380	52
916	5dkp/R	5dkp	R	384	52
917	5dkp/S	5dkp	S	385	52
918	5dkp/T	5dkp	T	385	52
919	5dkp/U	5dkp	U	386	52
920	5dkp/V	5dkp	V	386	52
921	5dkp/W	5dkp	W	384	52
922	5dkp/X	5dkp	X	386	52
923	5dkp/Y	5dkp	Y	388	52
924	5dkp/Z	5dkp	Z	388	52
925	5dkp/o	5dkp	o	386	52
926	5dkp/p	5dkp	p	386	52
927	5drz/Q	5drz	Q	445	106
928	5dvk/B	5dvk	B	208	107
929	5dvl/B	5dvl	B	208	107
930	5dvm/B	5dvm	B	207	107
931	5dvn/B	5dvn	B	208	107
932	5dx3/C	5dx3	C	233	102
933	5dx3/D	5dx3	D	225	102
934	5dxb/D	5dxb	D	233	102
935	5dxb/E	5dxb	E	228	85
936	5dxe/C	5dxe	C	232	101
937	5dxe/D	5dxe	D	226	101
938	5eel/L	5eel	L	216	78
939	5eel/M	5eel	M	107	78
940	5eel/N	5eel	N	216	78
941	5eel/P	5eel	P	109	68
942	5eel/Q	5eel	Q	105	78
943	5eel/R	5eel	R	105	78
944	5eeq/L	5eeq	L	104	96
945	5eeq/M	5eeq	M	105	96
946	5efi/C	5efi	C	266	150
947	5esq/F	5esq	F	428	94
948	5etu/E	5etu	E	431	102
949	5etu/F	5etu	F	430	102
950	5euk/E	5euk	E	436	100
951	5euk/F	5euk	F	429	100
952	5f88/E	5f88	E	432	105
953	5f88/F	5f88	F	430	105
954	5f8t/P	5f8t	P	243	88
955	5f8x/B	5f8x	B	247	87
956	5f8z/B	5f8z	B	244	84
957	5ff6/E	5ff6	E	436	102
958	5ff6/F	5ff6	F	434	102
959	5fq0/H	5fq0	H	221	31
960	5ggi/F	5ggi	F	950	69
961	5ggi/G	5ggi	G	553	42
962	5grd/C	5grd	C	275	67
963	5grg/C	5grg	C	276	36
964	5gs4/B	5gs4	B	239	77
965	5gtr/C	5gtr	C	237	80
966	5h5q/B	5h5q	B	167	121
967	5h5r/B	5h5r	B	170	122
968	5h5s/B	5h5s	B	165	109
969	5hgv/B	5hgv	B	697	114
970	5hgv/D	5hgv	D	675	114
971	5hpm/E	5hpm	E	430	104
972	5hpm/F	5hpm	F	641	104
973	5hsv/E	5hsv	E	165	86
974	5hsv/F	5hsv	F	165	86
975	5hsv/G	5hsv	G	165	86
976	5hsv/H	5hsv	H	164	86
977	5htb/C	5htb	C	331	99
978	5htc/C	5htc	C	332	91
979	5hyq/E	5hyq	E	434	101
980	5hyq/F	5hyq	F	427	101
981	5hyr/F	5hyr	F	233	102
982	5hyr/G	5hyr	G	225	102
983	5i2i/E	5i2i	E	435	94
984	5i2i/F	5i2i	F	431	94
985	5i8m/E	5i8m	E	348	78
986	5i8x/E	5i8x	E	233	77
987	5iar/B	5iar	B	241	44
988	5ib5/C	5ib5	C	278	101
989	5ib5/F	5ib5	F	278	102
990	5icv/C	5icv	C	180	80
991	5icv/D	5icv	D	180	80
992	5icx/E	5icx	E	435	96
993	5icx/F	5icx	F	426	99
994	5icz/E	5icz	E	431	96
995	5icz/F	5icz	F	429	96
996	5id0/E	5id0	E	435	97
997	5id0/F	5id0	F	427	97
998	5id1/E	5id1	E	426	100
999	5id1/F	5id1	F	429	100
1000	5inz/D	5inz	D	67	138
1001	5iop/E	5iop	E	430	97
1002	5iop/F	5iop	F	427	97
1003	5ir1/E	5ir1	E	436	97
1004	5ir1/F	5ir1	F	435	97
1005	5itf/E	5itf	E	432	97
1006	5itf/F	5itf	F	430	97
1007	5iv2/E	5iv2	E	432	96
1008	5iv2/F	5iv2	F	429	96
1009	5ivz/E	5ivz	E	431	96
1010	5ivz/F	5ivz	F	428	96
1011	5j31/C	5j31	C	229	77
1012	5j31/D	5j31	D	230	77
1013	5jbq/B	5jbq	B	396	90
1014	5jm4/E	5jm4	E	230	95
1015	5jme/F	5jme	F	414	112
1016	5jme/G	5jme	G	413	112
1017	5jme/H	5jme	H	410	105
1018	5jme/I	5jme	I	414	108
1019	5jpf/M	5jpf	M	295	71
1020	5jqy/B	5jqy	B	432	124
1021	5jr2/E	5jr2	E	361	98
1022	5jr2/F	5jr2	F	362	98
1023	5jr2/G	5jr2	G	177	98
1024	5jr2/H	5jr2	H	177	98
1025	5jr4/B	5jr4	B	280	90
1026	5jtc/B	5jtc	B	433	124
1027	5jz8/B	5jz8	B	432	124
1028	5jzu/B	5jzu	B	431	93
1029	5k18/E	5k18	E	894	80
1030	5k18/F	5k18	F	1588	94
1031	5kez/B	5kez	B	498	89
1032	5kgn/C	5kgn	C	535	105
1033	5kgn/D	5kgn	D	526	105
1034	5kzp/A	5kzp	A	884	121
1035	5kzp/B	5kzp	B	1100	120
1036	5kzp/C	5kzp	C	890	121
1037	5kzp/D	5kzp	D	890	120
1038	5l3f/C	5l3f	C	667	85
1039	5l3g/C	5l3g	C	669	81
1040	5l7k/B	5l7k	B	161	51
1041	5lf6/c	5lf6	c	420	40
1042	5lf6/d	5lf6	d	420	40
1043	5lgp/E	5lgp	E	689	105
1044	5lgp/F	5lgp	F	689	119
1045	5lgp/G	5lgp	G	687	105
1046	5lgp/H	5lgp	H	687	119
1047	5lgq/E	5lgq	E	350	79
1048	5lgq/F	5lgq	F	346	79
1049	5lgq/G	5lgq	G	346	79
1050	5lgq/H	5lgq	H	691	86
1051	5lgr/E	5lgr	E	693	109
1052	5lgr/F	5lgr	F	693	119
1053	5lgr/G	5lgr	G	346	80
1054	5lgr/H	5lgr	H	690	119
1055	5lgs/E	5lgs	E	347	79
1056	5lgs/F	5lgs	F	692	86
1057	5lgs/G	5lgs	G	345	79
1058	5lgs/H	5lgs	H	345	79
1059	5lrg/F	5lrg	F	305	60
1060	5lrg/G	5lrg	G	305	60
1061	5lrg/H	5lrg	H	305	60
1062	5lrj/F	5lrj	F	305	58
1063	5lrj/G	5lrj	G	305	58
1064	5lrj/H	5lrj	H	305	58
1065	5lrk/F	5lrk	F	305	61
1066	5lrk/G	5lrk	G	305	61
1067	5lrk/H	5lrk	H	305	61
1068	5ly1/E	5ly1	E	698	135
1069	5ly2/E	5ly2	E	706	136
1070	5ly2/G	5ly2	G	698	134
1071	5lyn/D	5lyn	D	138	56
1072	5moc/P	5moc	P	228	100
1073	5mt3/A	5mt3	A	56	101
1074	5n1w/C	5n1w	C	336	90
1075	5n1w/D	5n1w	D	336	95
1076	5n22/E	5n22	E	503	127
1077	5n22/G	5n22	G	503	127
1078	5n99/C	5n99	C	486	47
1079	5n99/E	5n99	E	245	47
1080	5n99/F	5n99	F	242	47
1081	5n99/H	5n99	H	241	47
1082	5n99/J	5n99	J	240	47
1083	5n99/L	5n99	L	240	47
1084	5n99/N	5n99	N	242	47
1085	5n99/P	5n99	P	241	47
1086	5n99/R	5n99	R	486	47
1087	5n99/T	5n99	T	241	47
1088	5n99/V	5n99	V	122	47
1089	5n99/X	5n99	X	122	47
1090	5nes/E	5nes	E	119	101
1091	5ney/E	5ney	E	233	111
1092	5nf0/E	5nf0	E	234	122
1093	5nf0/G	5nf0	G	234	122
1094	5nf0/H	5nf0	H	234	122
1095	5ngq/E	5ngq	E	232	75
1096	5ni9/C	5ni9	C	376	114
1097	5nig/C	5nig	C	380	131
1098	5nnp/I	5nnp	I	858	79
1099	5nnp/L	5nnp	L	851	79
1100	5npr/E	5npr	E	695	78
1101	5nps/D	5nps	D	693	78
1102	5nsc/C	5nsc	C	211	107
1103	5ntj/B	5ntj	B	351	143
1104	5nw8/D	5nw8	D	342	137
1105	5nxq/D	5nxq	D	424	134
1106	5nxq/E	5nxq	E	432	134
1107	5o45/B	5o45	B	129	129
1108	5o4y/A	5o4y	A	118	133
1109	5o4y/D	5o4y	D	236	133
1110	5o4y/F	5o4y	F	118	133
1111	5o9s/C	5o9s	C	381	75
1112	5o9s/D	5o9s	D	385	71
1113	5o9u/C	5o9u	C	395	72
1114	5o9u/D	5o9u	D	396	68
1115	5o9v/C	5o9v	C	398	68
1116	5o9v/D	5o9v	D	397	72
1117	5oua/B	5oua	B	353	146
1118	5t1k/E	5t1k	E	434	110
1119	5t1k/F	5t1k	F	431	110
1120	5t1l/E	5t1l	E	432	107
1121	5t1l/F	5t1l	F	433	107
1122	5t1m/E	5t1m	E	436	102
1123	5t1m/F	5t1m	F	433	102
1124	5t1m/H	5t1m	H	222	102
1125	5t5j/a	5t5j	a	236	45
1126	5t5j/b	5t5j	b	233	33
1127	5t5l/a	5t5l	a	236	36
1128	5t5l/b	5t5l	b	238	40
1129	5t5o/a	5t5o	a	231	46
1130	5t5o/b	5t5o	b	462	46
1131	5t5o/c	5t5o	c	462	46
1132	5t5o/d	5t5o	d	231	46
1133	5t5o/e	5t5o	e	231	46
1134	5t5o/f	5t5o	f	462	46
1135	5t5o/g	5t5o	g	462	46
1136	5t5o/h	5t5o	h	231	46
1137	5t5o/i	5t5o	i	462	46
1138	5t5o/j	5t5o	j	462	46
1139	5t5p/a	5t5p	a	233	37
1140	5t5p/b	5t5p	b	235	38
1141	5t78/E	5t78	E	425	66
1142	5t78/F	5t78	F	425	66
1143	5t90/F	5t90	F	408	118
1144	5t90/G	5t90	G	401	118
1145	5t90/H	5t90	H	409	118
1146	5t90/I	5t90	I	397	102
1147	5t90/J	5t90	J	403	102
1148	5th2/E	5th2	E	431	102
1149	5th2/F	5th2	F	434	102
1150	5tu6/B	5tu6	B	300	62
1151	5txe/C	5txe	C	652	125
1152	5txe/D	5txe	D	652	134
1153	5tyi/L	5tyi	L	208	77
1154	5tyi/M	5tyi	M	207	77
1155	5tyi/N	5tyi	N	208	77
1156	5tyi/P	5tyi	P	207	77
1157	5u06/L	5u06	L	107	82
1158	5u06/M	5u06	M	211	78
1159	5u06/N	5u06	N	211	82
1160	5u06/P	5u06	P	210	82
1161	5u1q/L	5u1q	L	101	79
1162	5u1q/M	5u1q	M	108	80
1163	5u1q/N	5u1q	N	105	79
1164	5u1q/P	5u1q	P	102	79
1165	5u5f/D	5u5f	D	501	115
1166	5u5m/D	5u5m	D	501	128
1167	5u66/B	5u66	B	207	143
1168	5u6a/D	5u6a	D	501	129
1169	5un8/E	5un8	E	853	70
1170	5un8/F	5un8	F	855	77
1171	5un8/G	5un8	G	853	81
1172	5un8/H	5un8	H	855	77
1173	5v61/I	5v61	I	353	178
1174	5v93/b	5v93	b	3118	46
1175	5vb9/C	5vb9	C	110	128
1176	5vb9/D	5vb9	D	103	128
1177	5vbl/A	5vbl	A	355	141
1178	5vi6/B	5vi6	B	368	45
1179	5vie/B	5vie	B	1336	96
1180	5vif/B	5vif	B	684	96
1181	5vk0/B	5vk0	B	170	107
1182	5vk0/D	5vk0	D	171	107
1183	5vk0/F	5vk0	F	251	107
1184	5vk0/H	5vk0	H	168	107
1185	5vk0/J	5vk0	J	85	107
1186	5vk0/L	5vk0	L	168	107
1187	5vk0/N	5vk0	N	170	107
1188	5vk0/P	5vk0	P	83	107
1189	5vk0/R	5vk0	R	168	107
1190	5vk0/T	5vk0	T	169	107
1191	5vk0/V	5vk0	V	169	107
1192	5vk0/X	5vk0	X	167	108
1193	5vk1/B	5vk1	B	165	109
1194	5vk1/D	5vk1	D	248	109
1195	5vk1/F	5vk1	F	83	95
1196	5vk1/H	5vk1	H	82	101
1197	5vk1/J	5vk1	J	247	109
1198	5vk1/L	5vk1	L	82	101
1199	5vk1/N	5vk1	N	164	101
1200	5vk1/P	5vk1	P	246	95
1201	5vlh/Y	5vlh	Y	356	115
1202	5vll/Y	5vll	Y	356	116
1203	5vvt/B	5vvt	B	842	29
1204	5vvt/D	5vvt	D	842	42
1205	5vvu/B	5vvu	B	853	45
1206	5vvu/D	5vvu	D	853	45
1207	5vvv/B	5vvv	B	839	27
1208	5vvv/D	5vvv	D	839	48
1209	5vz2/H	5vz2	H	358	51
1210	5vz2/J	5vz2	J	357	51
1211	5vz2/O	5vz2	O	355	51
1212	5vz2/P	5vz2	P	355	51
1213	5vz2/Q	5vz2	Q	357	51
1214	5vz2/R	5vz2	R	359	51
1215	5vz2/U	5vz2	U	359	51
1216	5vz2/V	5vz2	V	357	51
1217	5vz2/X	5vz2	X	357	51
1218	5vz2/Y	5vz2	Y	358	51
1219	5vz2/Z	5vz2	Z	357	51
1220	5vz2/a	5vz2	a	357	51
1221	5vz2/b	5vz2	b	360	51
1222	5vz2/c	5vz2	c	360	51
1223	5w18/H	5w18	H	359	54
1224	5w18/J	5w18	J	359	54
1225	5w18/O	5w18	O	359	54
1226	5w18/P	5w18	P	358	54
1227	5w18/Q	5w18	Q	357	54
1228	5w18/R	5w18	R	359	54
1229	5w18/U	5w18	U	359	54
1230	5w18/V	5w18	V	359	54
1231	5w18/X	5w18	X	360	54
1232	5w18/Y	5w18	Y	359	54
1233	5w18/Z	5w18	Z	358	54
1234	5w18/a	5w18	a	357	54
1235	5w18/b	5w18	b	356	54
1236	5w18/c	5w18	c	357	54
1237	5w4i/B	5w4i	B	21	128
1238	5w4i/C	5w4i	C	21	125
1239	5w5s/D	5w5s	D	498	108
1240	5w5u/D	5w5u	D	499	107
1241	5w6i/D	5w6i	D	495	106
1242	5w6r/M	5w6r	M	496	112
1243	5w6r/N	5w6r	N	496	112
1244	5w6r/O	5w6r	O	496	112
1245	5w6r/Q	5w6r	Q	496	112
1246	5w6t/F	5w6t	F	498	115
1247	5w6u/D	5w6u	D	496	104
1248	5w8f/B	5w8f	B	151	164
1249	5wgq/E	5wgq	E	230	98
1250	5wgq/F	5wgq	F	232	91
1251	5whh/B	5whh	B	148	125
1252	5wje/B	5wje	B	159	84
1253	5wob/f	5wob	f	945	134
1254	5wtt/C	5wtt	C	432	56
1255	5wtt/P	5wtt	P	216	56
1256	5wyi/E	5wyi	E	138	72
1257	5xgl/C	5xgl	C	414	114
1258	5xgl/E	5xgl	E	414	114
1259	5xgl/F	5xgl	F	414	114
1260	5xgl/H	5xgl	H	414	114
1261	5xgl/J	5xgl	J	414	114
1262	5xn3/B	5xn3	B	199	62
1263	5xxk/C	5xxk	C	189	106
1264	5xxk/D	5xxk	D	189	106
1265	5y2f/C	5y2f	C	312	73
1266	5y7w/C	5y7w	C	233	130
1267	5y7w/D	5y7w	D	233	130
1268	5yiq/D	5yiq	D	118	134
1269	5ytk/G	5ytk	G	550	64
1270	5ytk/J	5ytk	J	550	53
1271	5ytk/K	5ytk	K	827	71
1272	5ytk/L	5ytk	L	825	71
1273	5yyf/B	5yyf	B	280	59
1274	5yyf/D	5yyf	D	280	59
1275	5zs3/U	5zs3	U	119	39
1276	6a8g/E	6a8g	E	245	81
1277	6a8g/P	6a8g	P	248	86
1278	6a8n/C	6a8n	C	245	77
1279	6a8n/P	6a8n	P	245	77
1280	6a8o/P	6a8o	P	237	83
1281	6aaw/B	6aaw	B	86	128
1282	6atk/F	6atk	F	896	74
1283	6ax4/C	6ax4	C	221	65
1284	6ayn/F	6ayn	F	432	101
1285	6azk/E	6azk	E	432	101
1286	6azk/F	6azk	F	433	101
1287	6b3q/b	6b3q	b	938	111
1288	6b67/D	6b67	D	300	64
1289	6b67/E	6b67	E	299	64
1290	6b67/F	6b67	F	299	64
1291	6b70/c	6b70	c	940	111
1292	6bae/D	6bae	D	500	104
1293	6bba/H	6bba	H	377	56
1294	6bba/I	6bba	I	374	56
1295	6bba/J	6bba	J	374	56
1296	6bba/K	6bba	K	378	56
1297	6bba/L	6bba	L	377	56
1298	6bba/M	6bba	M	378	56
1299	6bba/N	6bba	N	378	56
1300	6bcy/D	6bcy	D	232	83
1301	6bcy/H	6bcy	H	232	76
1302	6buu/F	6buu	F	324	113
1303	6buu/G	6buu	G	319	113
1304	6bvh/I	6bvh	I	230	106
1305	6byj/G	6byj	G	240	100
1306	6byj/P	6byj	P	238	61
1307	6byj/T	6byj	T	238	60
1308	6byk/G	6byk	G	230	74
1309	6byk/J	6byk	J	230	74
1310	6byk/K	6byk	K	230	48
1311	6byk/R	6byk	R	230	47
1312	6byl/G	6byl	G	240	101
1313	6byl/P	6byl	P	238	61
1314	6byl/T	6byl	T	238	49
1315	6bzd/G	6bzd	G	238	88
1316	6bzd/K	6bzd	K	237	88
1317	6c0h/C	6c0h	C	224	95
1318	6c0y/I	6c0y	I	434	140
1319	6c0y/J	6c0y	J	217	136
1320	6c0y/N	6c0y	N	434	140
1321	6c0y/O	6c0y	O	218	140
1322	6c0y/P	6c0y	P	328	136
1323	6c1d/F	6c1d	F	1131	55
1324	6c1q/L	6c1q	L	375	65
1325	6c1r/L	6c1r	L	382	65
1326	6cbi/H	6cbi	H	747	92
1327	6cbi/I	6cbi	I	495	61
1328	6cbi/J	6cbi	J	505	94
1329	6cbi/K	6cbi	K	758	99
1330	6cg4/C	6cg4	C	42	133
1331	6cn8/B	6cn8	B	161	75
1332	6cpl/C	6cpl	C	380	138
1333	6d3o/C	6d3o	C	191	133
1334	6d3x/C	6d3x	C	488	111
1335	6d3x/D	6d3x	D	488	111
1336	6d3y/C	6d3y	C	246	120
1337	6d3z/C	6d3z	C	245	113
1338	6d40/C	6d40	C	248	110
1339	6d8c/N	6d8c	N	1116	55
1340	6d8c/O	6d8c	O	1116	55
1341	6d8c/P	6d8c	P	1116	55
1342	6djk/B	6djk	B	379	79
1343	6dly/C	6dly	C	375	79
1344	6dly/D	6dly	D	385	79
1345	6dm6/C	6dm6	C	378	79
1346	6dm6/D	6dm6	D	377	79
1347	6dn5/B	6dn5	B	196	59
1348	6dn6/B	6dn6	B	194	38
1349	6dn7/B	6dn7	B	202	59
1350	6dn7/D	6dn7	D	190	59
1351	6dn8/B	6dn8	B	197	63
1352	6dn8/D	6dn8	D	201	63
1353	6dno/C	6dno	C	294	71
1354	6e5m/I	6e5m	I	225	66
1355	6eat/I	6eat	I	236	66
1356	6egw/B	6egw	B	337	139
1357	6em6/C	6em6	C	343	135
1358	6em7/D	6em7	D	344	145
1359	6emb/D	6emb	D	354	148
1360	6ers/B	6ers	B	339	147
1361	6esa/E	6esa	E	344	145
1362	6exv/M	6exv	M	2566	64
1363	6fbt/E	6fbt	E	615	67
1364	6fcr/G	6fcr	G	615	49
1365	6fky/C	6fky	C	263	83
1366	6fmp/C	6fmp	C	589	62
1367	6fms/E	6fms	E	162	71
1368	6fms/F	6fms	F	163	62
1369	6fms/G	6fms	G	305	65
1370	6fms/H	6fms	H	151	64
1371	6h0b/F	6h0b	F	542	107
1372	6h22/C	6h22	C	91	136
1373	6h22/D	6h22	D	183	136
1374	6h41/B	6h41	B	309	154
1375	6h6a/E	6h6a	E	171	47
1376	6hle/B	6hle	B	483	73
1377	6hqu/K	6hqu	K	464	128
1378	6hqu/N	6hqu	N	206	84
1379	6hqu/O	6hqu	O	196	107
1380	6hy7/B	6hy7	B	213	106
1381	6hza/B	6hza	B	483	60
1382	6hzb/B	6hzb	B	483	58
1383	6hzc/B	6hzc	B	483	77
1384	6hzd/B	6hzd	B	483	71
1385	6i2a/D	6i2a	D	354	148
1386	6i2b/D	6i2b	D	347	134
1387	6i2c/B	6i2c	B	339	147
1388	6ifj/C	6ifj	C	212	107
1389	6ifj/D	6ifj	D	212	107
1390	6iqg/C	6iqg	C	208	107
1391	6iqg/D	6iqg	D	207	121
1392	6iqh/C	6iqh	C	208	105
1393	6iqh/D	6iqh	D	207	112
1394	6iso/C	6iso	C	536	64
1395	6iso/D	6iso	D	515	64
1396	6iso/F	6iso	F	265	64
1397	6iso/H	6iso	H	257	64
1398	6iso/J	6iso	J	249	64
1399	6iso/L	6iso	L	195	53
1400	6j31/E	6j31	E	385	78
1401	6j31/F	6j31	F	387	78
1402	6j31/G	6j31	G	387	78
1403	6j31/H	6j31	H	387	78
1404	6j67/C	6j67	C	203	61
1405	6j8e/D	6j8e	D	1142	125
1406	6jwm/B	6jwm	B	203	55
1407	6jwn/B	6jwn	B	386	71
1408	6jwn/D	6jwn	D	386	71
1409	6kx1/C	6kx1	C	429	87
1410	6kzu/B	6kzu	B	85	117
1411	6l63/B	6l63	B	228	162
1412	6l63/D	6l63	D	229	162
1413	6l65/C	6l65	C	288	58
1414	6l66/C	6l66	C	300	63
1415	6l71/C	6l71	C	297	99
1416	6ljk/B	6ljk	B	271	77
1417	6ljm/B	6ljm	B	268	50
1418	6ljn/B	6ljn	B	268	59
1419	6lkq/y	6lkq	y	123	48
1420	6lkq/z	6lkq	z	123	48
1421	6lyc/B	6lyc	B	111	130
1422	6m4x/C	6m4x	C	414	111
1423	6m4x/E	6m4x	E	414	111
1424	6m4x/F	6m4x	F	414	111
1425	6m4x/H	6m4x	H	414	111
1426	6m4x/J	6m4x	J	414	111
1427	6m4z/C	6m4z	C	414	111
1428	6m4z/E	6m4z	E	414	111
1429	6m4z/F	6m4z	F	414	111
1430	6m4z/H	6m4z	H	414	111
1431	6m4z/J	6m4z	J	414	111
1432	6m5e/F	6m5e	F	583	128
1433	6m5e/G	6m5e	G	1166	128
1434	6m5e/H	6m5e	H	583	128
1435	6m5e/I	6m5e	I	1166	128
1436	6m5e/J	6m5e	J	1166	128
1437	6n7q/C	6n7q	C	266	105
1438	6n87/C	6n87	C	314	117
1439	6n9t/E	6n9t	E	207	118
1440	6n9t/F	6n9t	F	207	118
1441	6nah/0	6nah	0	347	57
1442	6nah/1	6nah	1	346	57
1443	6nah/2	6nah	2	344	57
1444	6nah/3	6nah	3	172	57
1445	6nah/c	6nah	c	348	57
1446	6nah/e	6nah	e	348	57
1447	6nah/f	6nah	f	346	57
1448	6nah/g	6nah	g	346	57
1449	6nah/h	6nah	h	347	57
1450	6nah/i	6nah	i	345	57
1451	6nah/j	6nah	j	344	57
1452	6nah/k	6nah	k	347	57
1453	6nah/l	6nah	l	345	57
1454	6nah/m	6nah	m	343	57
1455	6nah/n	6nah	n	346	57
1456	6nah/o	6nah	o	348	57
1457	6nah/p	6nah	p	345	57
1458	6nah/q	6nah	q	344	57
1459	6nah/r	6nah	r	346	57
1460	6nah/s	6nah	s	345	57
1461	6nah/t	6nah	t	346	57
1462	6nah/u	6nah	u	348	57
1463	6nah/v	6nah	v	348	57
1464	6nah/w	6nah	w	344	57
1465	6nah/x	6nah	x	345	57
1466	6nah/y	6nah	y	171	57
1467	6nah/z	6nah	z	344	57
1468	6nnv/I	6nnv	I	363	134
1469	6nnv/J	6nnv	J	240	134
1470	6nnv/K	6nnv	K	123	134
1471	6nnv/L	6nnv	L	121	134
1472	6npz/F	6npz	F	325	113
1473	6npz/G	6npz	G	326	113
1474	6o21/B	6o21	B	224	85
1475	6obq/C	6obq	C	294	71
1476	6obq/D	6obq	D	294	71
1477	6obr/D	6obr	D	296	71
1478	6obr/E	6obr	E	296	71
1479	6obu/C	6obu	C	301	71
1480	6obu/D	6obu	D	298	71
1481	6opj/B	6opj	B	475	102
1482	6p81/B	6p81	B	444	79
1483	6pau/C	6pau	C	373	74
1484	6pav/C	6pav	C	380	76
1485	6pit/D	6pit	D	219	74
1486	6pka/H	6pka	H	359	57
1487	6pka/J	6pka	J	360	57
1488	6pka/O	6pka	O	359	57
1489	6pka/P	6pka	P	358	57
1490	6pka/Q	6pka	Q	358	57
1491	6pka/R	6pka	R	358	57
1492	6pka/U	6pka	U	358	57
1493	6pka/V	6pka	V	358	57
1494	6pka/X	6pka	X	358	57
1495	6pka/Y	6pka	Y	359	57
1496	6pka/Z	6pka	Z	360	57
1497	6pka/a	6pka	a	359	57
1498	6pka/b	6pka	b	358	57
1499	6pka/c	6pka	c	358	57
1500	6plh/C	6plh	C	439	82
1501	6pmd/H	6pmd	H	368	55
1502	6pmd/J	6pmd	J	366	55
1503	6pmd/O	6pmd	O	366	55
1504	6pmd/P	6pmd	P	366	55
1505	6pmd/Q	6pmd	Q	365	55
1506	6pmd/R	6pmd	R	364	55
1507	6pmd/U	6pmd	U	367	55
1508	6pmd/V	6pmd	V	365	55
1509	6pmd/X	6pmd	X	365	55
1510	6pmd/Y	6pmd	Y	365	55
1511	6pmd/Z	6pmd	Z	366	55
1512	6psa/H	6psa	H	49	144
1513	6pth/G	6pth	G	370	79
1514	6ptr/X	6ptr	X	382	79
1515	6ptr/Y	6ptr	Y	377	79
1516	6ptv/X	6ptv	X	376	79
1517	6ptv/Y	6ptv	Y	374	79
1518	6pv9/B	6pv9	B	205	132
1519	6pw8/B	6pw8	B	128	118
1520	6pxu/C	6pxu	C	537	121
1521	6pxu/D	6pxu	D	547	130
1522	6q1u/C	6q1u	C	488	115
1523	6q1u/D	6q1u	D	488	115
1524	6q38/C	6q38	C	328	118
1525	6q4q/C	6q4q	C	330	124
1526	6q4q/D	6q4q	D	331	124
1527	6q6w/B	6q6w	B	116	113
1528	6q6x/E	6q6x	E	347	107
1529	6q6x/F	6q6x	F	347	114
1530	6q6x/G	6q6x	G	232	110
1531	6q6x/H	6q6x	H	232	114
1532	6q77/B	6q77	B	116	67
1533	6q79/E	6q79	E	232	113
1534	6q79/F	6q79	F	232	62
1535	6q79/G	6q79	G	232	62
1536	6q79/H	6q79	H	232	111
1537	6q85/E	6q85	E	232	108
1538	6q85/F	6q85	F	232	105
1539	6q85/G	6q85	G	232	104
1540	6q85/H	6q85	H	232	104
1541	6q86/C	6q86	C	116	112
1542	6q86/D	6q86	D	116	122
1543	6q87/B	6q87	B	116	114
1544	6q8d/B	6q8d	B	116	70
1545	6q8g/E	6q8g	E	232	96
1546	6q8g/F	6q8g	F	232	90
1547	6q8g/G	6q8g	G	233	25
1548	6q8h/B	6q8h	B	117	109
1549	6q8h/C	6q8h	C	117	110
1550	6qev/D	6qev	D	1353	113
1551	6qfk/B	6qfk	B	1365	113
1552	6qmq/A	6qmq	A	172	157
1553	6qms/A	6qms	A	167	153
1554	6qrm/C	6qrm	C	396	69
1555	6rd2/C	6rd2	C	232	89
1556	6rd2/D	6rd2	D	232	89
1557	6rhc/P	6rhc	P	232	95
1558	6rhe/D	6rhe	D	605	44
1559	6rjp/C	6rjp	C	150	133
1560	6rjp/D	6rjp	D	150	133
1561	6rlz/C	6rlz	C	227	63
1562	6rlz/D	6rlz	D	226	57
1563	6rw2/B	6rw2	B	176	156
1564	6rwh/P	6rwh	P	231	100
1565	6rwi/P	6rwi	P	230	100
1566	6rxq/E	6rxq	E	450	111
1567	6rxq/F	6rxq	F	450	119
1568	6rxq/G	6rxq	G	225	111
1569	6rxq/H	6rxq	H	226	103
1570	6rxr/E	6rxr	E	450	111
1571	6rxr/F	6rxr	F	450	119
1572	6rxr/G	6rxr	G	225	111
1573	6rxr/H	6rxr	H	226	103
1574	6ryo/B	6ryo	B	175	74
1575	6s22/F	6s22	F	548	112
1576	6s24/F	6s24	F	556	94
1577	6s35/C	6s35	C	663	55
1578	6s5r/H	6s5r	H	233	40
1579	6s5s/C	6s5s	C	116	37
1580	6s7g/F	6s7g	F	232	45
1581	6s7g/G	6s7g	G	232	48
1582	6s7g/H	6s7g	H	232	24
1583	6sk2/D	6sk2	D	395	76
1584	6skj/C	6skj	C	388	120
1585	6skj/D	6skj	D	393	126
1586	6spw/B	6spw	B	328	80
1587	6spw/C	6spw	C	328	80
1588	6spw/D	6spw	D	328	80
1589	6spx/B	6spx	B	329	80
1590	6t1y/F	6t1y	F	746	55
1591	6t1y/G	6t1y	G	1119	55
1592	6t1y/H	6t1y	H	1119	55
1593	6t1y/I	6t1y	I	1119	55
1594	6t1y/J	6t1y	J	746	55
1595	6t20/F	6t20	F	746	55
1596	6t20/G	6t20	G	1119	55
1597	6t20/H	6t20	H	1119	55
1598	6t20/I	6t20	I	1119	55
1599	6t20/J	6t20	J	746	55
1600	6t25/F	6t25	F	728	55
1601	6t25/G	6t25	G	1092	55
1602	6t25/H	6t25	H	1092	55
1603	6t25/I	6t25	I	1092	55
1604	6t25/J	6t25	J	728	55
1605	6t2d/B	6t2d	B	87	136
1606	6t2f/B	6t2f	B	85	133
1607	6t7z/B	6t7z	B	288	61
1608	6tdb/F	6tdb	F	476	54
1609	6tgx/C	6tgx	C	346	79
1610	6tgx/D	6tgx	D	346	79
1611	6tnq/D	6tnq	D	142	60
1612	6ts3/D	6ts3	D	164	128
1613	6twb/B	6twb	B	240	82
1614	6twc/C	6twc	C	238	103
1615	6u22/C	6u22	C	224	109
1616	6u4a/C	6u4a	C	122	105
1617	6u4a/D	6u4a	D	127	105
1618	6u61/D	6u61	D	117	105
1619	6u61/E	6u61	E	120	105
1620	6u6k/C	6u6k	C	126	105
1621	6u6l/B	6u6l	B	112	142
1622	6u71/B	6u71	B	110	105
1623	6u72/C	6u72	C	105	129
1624	6u74/E	6u74	E	233	136
1625	6u74/F	6u74	F	105	136
1626	6u8g/E	6u8g	E	126	129
1627	6u8g/F	6u8g	F	126	129
1628	6u8h/C	6u8h	C	133	165
1629	6u8i/B	6u8i	B	109	119
1630	6u8m/C	6u8m	C	110	147
1631	6u96/F	6u96	F	1116	55
1632	6u96/G	6u96	G	744	55
1633	6u96/H	6u96	H	1116	55
1634	6u96/I	6u96	I	1116	55
1635	6u96/J	6u96	J	744	55
1636	6uh5/R	6uh5	R	223	90
1637	6uib/C	6uib	C	406	122
1638	6ulp/C	6ulp	C	219	121
1639	6ulq/D	6ulq	D	126	148
1640	6ulq/E	6ulq	E	118	148
1641	6ulq/F	6ulq	F	127	148
1642	6ult/I	6ult	I	108	118
1643	6ult/J	6ult	J	109	101
1644	6ult/K	6ult	K	104	109
1645	6ulv/E	6ulv	E	333	157
1646	6ulv/G	6ulv	G	328	157
1647	6v4e/C	6v4e	C	180	128
1648	6v4e/D	6v4e	D	180	128
1649	6v4f/B	6v4f	B	91	127
1650	6v4g/B	6v4g	B	91	129
1651	6v4h/B	6v4h	B	179	126
1652	6v4h/D	6v4h	D	179	121
1653	6v7k/X	6v7k	X	190	133
1654	6vgn/V	6vgn	V	392	56
1655	6vgn/W	6vgn	W	392	56
1656	6vgn/X	6vgn	X	392	56
1657	6vgn/Y	6vgn	Y	392	56
1658	6vgn/Z	6vgn	Z	392	56
1659	6vgn/a	6vgn	a	392	56
1660	6vgn/b	6vgn	b	392	56
1661	6w17/M	6w17	M	1121	55
1662	6w17/N	6w17	N	1111	55
1663	6w17/O	6w17	O	744	55
1664	6w17/P	6w17	P	1116	55
1665	6w17/Q	6w17	Q	744	55
1666	6wf3/G	6wf3	G	150	79
1667	6wf3/H	6wf3	H	300	79
1668	6wf3/I	6wf3	I	150	79
1669	6wf3/J	6wf3	J	150	79
1670	6wf3/K	6wf3	K	150	79
1671	6wf3/L	6wf3	L	150	79
1672	6wf5/C	6wf5	C	165	48
1673	6wf5/D	6wf5	D	159	48
1674	6wgn/E	6wgn	E	165	133
1675	6wgn/F	6wgn	F	168	133
1676	6wgn/G	6wgn	G	164	133
1677	6whn/F	6whn	F	384	70
1678	6whn/G	6whn	G	374	70
1679	6whn/H	6whn	H	373	62
1680	6who/F	6who	F	382	70
1681	6who/G	6who	G	373	70
1682	6who/H	6who	H	371	61
1683	6whq/F	6whq	F	381	70
1684	6whq/G	6whq	G	372	70
1685	6whq/H	6whq	H	370	43
1686	6whz/D	6whz	D	377	71
1687	6whz/F	6whz	F	369	54
1688	6whz/G	6whz	G	368	54
1689	6wi3/F	6wi3	F	379	72
1690	6wi3/G	6wi3	G	372	75
1691	6wi3/H	6wi3	H	370	29
1692	6wsj/I	6wsj	I	358	68
1693	6xbe/F	6xbe	F	232	60
1694	6xbe/G	6xbe	G	233	60
1695	6xbe/H	6xbe	H	231	56
1696	6xbe/I	6xbe	I	232	56
1697	6xbf/F	6xbf	F	232	61
1698	6xbf/G	6xbf	G	233	61
1699	6xbf/H	6xbf	H	464	57
1700	6xbf/I	6xbf	I	232	57
1701	6xci/H	6xci	H	230	67
1702	6xib/I	6xib	I	287	101
1703	6xic/I	6xic	I	289	99
1704	6xid/I	6xid	I	288	99
1705	6xie/I	6xie	I	277	91
1706	6xif/I	6xif	I	275	94
1707	6xs5/B	6xs5	B	186	138
1708	6xs7/B	6xs7	B	187	151
1709	6xs9/C	6xs9	C	188	123
1710	6xs9/D	6xs9	D	186	123
1711	6xs9/E	6xs9	E	374	123
1712	6xs9/F	6xs9	F	374	129
1713	6xsa/B	6xsa	B	183	136
1714	6xtl/C	6xtl	C	309	104
1715	6xtm/C	6xtm	C	310	104
1716	6xtn/C	6xtn	C	309	114
1717	6xto/C	6xto	C	307	104
1718	6xtp/C	6xtp	C	302	104
1719	6xtq/C	6xtq	C	312	104
1720	6xtr/C	6xtr	C	309	114
1721	6xts/C	6xts	C	308	104
1722	6xxc/B	6xxc	B	239	70
1723	6xy5/B	6xy5	B	238	75
1724	6y0u/E	6y0u	E	232	99
1725	6y0u/F	6y0u	F	232	105
1726	6y0u/H	6y0u	H	233	104
1727	6y0v/E	6y0v	E	232	55
1728	6y0v/G	6y0v	G	232	105
1729	6y0v/H	6y0v	H	233	109
1730	6y0w/C	6y0w	C	232	121
1731	6y0w/D	6y0w	D	232	110
1732	6y0x/I	6y0x	I	178	57
1733	6y0x/J	6y0x	J	178	102
1734	6y0x/K	6y0x	K	89	65
1735	6y0x/L	6y0x	L	181	94
1736	6y0x/M	6y0x	M	90	112
1737	6y0x/O	6y0x	O	90	95
1738	6y0x/Q	6y0x	Q	178	114
1739	6y0x/R	6y0x	R	179	79
1740	6y18/B	6y18	B	237	75
1741	6y4q/C	6y4q	C	92	144
1742	6y4q/D	6y4q	D	92	144
1743	6y7t/D	6y7t	D	463	134
1744	6y7t/E	6y7t	E	463	137
1745	6ycr/B	6ycr	B	119	118
1746	6yw1/B	6yw1	B	212	126
1747	6yw2/B	6yw2	B	211	126
1748	6yw3/B	6yw3	B	227	126
1749	6yw4/B	6yw4	B	214	126
1750	6yx0/C	6yx0	C	101	45
1751	6yx0/D	6yx0	D	112	45
1752	6yx2/C	6yx2	C	103	46
1753	6yx2/D	6yx2	D	111	46
1754	6yyw/B	6yyw	B	431	124
1755	6yyx/B	6yyx	B	431	124
1756	6yyy/B	6yyy	B	430	121
1757	6yzh/D	6yzh	D	349	80
1758	6z00/C	6z00	C	307	88
1759	6z00/D	6z00	D	307	88
1760	6z6q/B	6z6q	B	432	124
1761	6z6r/B	6z6r	B	433	127
1762	6z7w/I	6z7w	I	484	126
1763	6zfm/C	6zfm	C	272	89
1764	6zfm/F	6zfm	F	272	105
1765	6zmp/C	6zmp	C	380	85
1766	6zmp/D	6zmp	D	190	85
1767	6zrc/P	6zrc	P	762	123
1768	6zrc/Q	6zrc	Q	381	123
1769	6zrd/P	6zrd	P	411	125
1770	6zrd/Q	6zrd	Q	389	125
1771	7a2y/B	7a2y	B	60	96
1772	7aa4/B	7aa4	B	156	66
1773	7ad9/O	7ad9	O	748	55
1774	7ad9/P	7ad9	P	1122	55
1775	7ad9/Q	7ad9	Q	1122	55
1776	7ad9/R	7ad9	R	1122	55
1777	7ad9/S	7ad9	S	748	55
1778	7ako/C	7ako	C	550	80
1779	7any/B	7any	B	20	109
1780	7any/G	7any	G	20	109
1781	7any/H	7any	H	20	109
1782	7any/I	7any	I	20	110
1783	7arh/V	7arh	V	802	90
1784	7arj/V	7arj	V	801	129
1785	7arl/V	7arl	V	802	90
1786	7arm/V	7arm	V	801	129
1787	7arx/C	7arx	C	250	77
1788	7axq/B	7axq	B	313	66
1789	7axs/B	7axs	B	312	66
1790	7axx/B	7axx	B	310	61
1791	7az8/H	7az8	H	374	52
1792	7az8/I	7az8	I	372	52
1793	7azc/H	7azc	H	737	48
1794	7azc/I	7azc	I	732	48
1795	7azc/J	7azc	J	737	48
1796	7azc/K	7azc	K	732	48
1797	7azd/H	7azd	H	740	48
1798	7azd/I	7azd	I	732	48
1799	7azd/J	7azd	J	740	48
1800	7azd/K	7azd	K	732	48
1801	7aze/H	7aze	H	372	48
1802	7aze/I	7aze	I	368	48
1803	7azf/H	7azf	H	741	48
1804	7azf/I	7azf	I	739	48
1805	7azf/J	7azf	J	739	48
1806	7azf/K	7azf	K	741	48
1807	7b13/P	7b13	P	239	69
1808	7b4t/B	7b4t	B	166	113
1809	7b4u/B	7b4u	B	259	113
1810	7b4u/D	7b4u	D	259	113
1811	7b4v/D	7b4v	D	262	113
1812	7b4w/B	7b4w	B	167	113
1813	7b4w/D	7b4w	D	326	113
1814	7bag/C	7bag	C	643	126
1815	7bb6/H	7bb6	H	270	75
1816	7bb7/H	7bb7	H	268	75
1817	7bmc/B	7bmc	B	239	44
1818	7bmi/B	7bmi	B	431	124
1819	7bmj/B	7bmj	B	431	127
1820	7bos/B	7bos	B	282	57
1821	7bot/B	7bot	B	278	52
1822	7bph/B	7bph	B	364	117
1823	7brl/L	7brl	L	854	110
1824	7bti/X	7bti	X	1110	55
1825	7bti/Y	7bti	Y	1110	55
1826	7bti/Z	7bti	Z	1113	55
1827	7byd/C	7byd	C	521	37
1828	7byd/H	7byd	H	527	37
1829	7cfp/B	7cfp	B	304	65
1830	7cfq/B	7cfq	B	306	65
1831	7cl0/D	7cl0	D	312	71
1832	7cl1/C	7cl1	C	305	75
1833	7dne/C	7dne	C	157	128
1834	7dne/D	7dne	D	154	128
1835	7dnf/B	7dnf	B	318	133
1836	7dnf/E	7dnf	E	311	138
1837	7e5e/E	7e5e	E	1000	133
1838	7e5e/F	7e5e	F	666	133
1839	7e5e/G	7e5e	G	653	133
1840	7e5e/H	7e5e	H	653	133
1841	7e6j/B	7e6j	B	432	137
1842	7e9k/C	7e9k	C	1058	103
1843	7e9k/F	7e9k	F	1057	111
1844	7e9l/C	7e9l	C	1047	106
1845	7ec3/D	7ec3	D	502	85
1846	7ec3/G	7ec3	G	502	56
1847	7egr/K	7egr	K	412	105
1848	7egr/L	7egr	L	412	105
1849	7egr/M	7egr	M	413	105
1850	7egr/N	7egr	N	412	106
1851	7egr/O	7egr	O	411	106
1852	7egr/P	7egr	P	413	105
1853	7egr/Q	7egr	Q	413	105
1854	7egr/R	7egr	R	413	106
1855	7egu/B	7egu	B	248	90
1856	7ehz/B	7ehz	B	236	84
1857	7ei2/B	7ei2	B	233	82
1858	7ezw/B	7ezw	B	176	82
1859	7f0c/C	7f0c	C	282	47
1860	7f0f/C	7f0f	C	282	46
1861	7f7o/B	7f7o	B	325	101
1862	7fep/O	7fep	O	378	52
1863	7fep/P	7fep	P	378	52
1864	7fep/Q	7fep	Q	378	52
1865	7fep/R	7fep	R	378	52
1866	7fep/S	7fep	S	378	52
1867	7fep/T	7fep	T	378	52
1868	7fep/U	7fep	U	378	52
1869	7fep/V	7fep	V	378	52
1870	7fep/W	7fep	W	378	52
1871	7fep/X	7fep	X	378	52
1872	7fep/Y	7fep	Y	378	52
1873	7fep/Z	7fep	Z	378	52
1874	7fep/a	7fep	a	378	52
1875	7fep/b	7fep	b	378	52
1876	7fer/O	7fer	O	336	52
1877	7fer/P	7fer	P	336	52
1878	7fer/Q	7fer	Q	336	52
1879	7fer/R	7fer	R	336	52
1880	7fer/S	7fer	S	336	52
1881	7fer/T	7fer	T	336	52
1882	7fer/U	7fer	U	336	52
1883	7fer/V	7fer	V	336	52
1884	7fer/W	7fer	W	336	52
1885	7fer/X	7fer	X	336	52
1886	7fer/Y	7fer	Y	336	52
1887	7fer/Z	7fer	Z	336	52
1888	7fer/a	7fer	a	336	52
1889	7fer/b	7fer	b	336	52
1890	7jzo/C	7jzo	C	176	66
1891	7jzo/D	7jzo	D	87	55
1892	7jzp/C	7jzp	C	174	68
1893	7jzp/D	7jzp	D	87	57
1894	7jzq/C	7jzq	C	87	72
1895	7jzr/C	7jzr	C	174	74
1896	7jzr/D	7jzr	D	87	57
1897	7k2e/P	7k2e	P	282	50
1898	7k2f/C	7k2f	C	285	47
1899	7k2g/P	7k2g	P	283	48
1900	7k2h/P	7k2h	P	283	48
1901	7k2j/P	7k2j	P	283	46
1902	7k2k/P	7k2k	P	283	51
1903	7k2l/P	7k2l	P	284	49
1904	7k2m/P	7k2m	P	284	49
1905	7k2n/P	7k2n	P	285	49
1906	7k2o/P	7k2o	P	283	50
1907	7k2p/P	7k2p	P	283	51
1908	7k2q/P	7k2q	P	283	52
1909	7k2r/P	7k2r	P	285	50
1910	7k2s/P	7k2s	P	284	50
1911	7kd7/B	7kd7	B	207	83
1912	7kd7/E	7kd7	E	208	83
1913	7kev/C	7kev	C	564	124
1914	7kfa/D	7kfa	D	564	118
1915	7kl1/C	7kl1	C	541	168
1916	7kl1/D	7kl1	D	541	153
1917	7knf/C	7knf	C	512	108
1918	7knf/D	7knf	D	510	108
1919	7kng/C	7kng	C	525	121
1920	7kng/D	7kng	D	526	121
1921	7kpu/B	7kpu	B	203	83
1922	7kpu/E	7kpu	E	198	83
1923	7l4z/R	7l4z	R	201	128
1924	7l4z/S	7l4z	S	200	128
1925	7l4z/T	7l4z	T	205	128
1926	7l4z/U	7l4z	U	203	128
1927	7l4z/V	7l4z	V	202	128
1928	7m5l/D	7m5l	D	257	63
1929	7m5l/E	7m5l	E	769	96
1930	7m5l/F	7m5l	F	255	82
1931	7m5m/D	7m5m	D	509	86
1932	7m5m/E	7m5m	E	254	82
1933	7m5n/D	7m5n	D	507	77
1934	7m5n/E	7m5n	E	253	74
1935	7m8u/C	7m8u	C	280	75
1936	7mhz/B	7mhz	B	505	68
1937	7mp3/L	7mp3	L	204	97
1938	7mp3/N	7mp3	N	204	97
1939	7mso/E	7mso	E	214	58
1940	7mso/F	7mso	F	221	58
1941	7mx1/C	7mx1	C	220	66
1942	7mx1/E	7mx1	E	222	66
1943	7n0w/G	7n0w	G	406	106
1944	7n0y/G	7n0y	G	407	106
1945	7n43/F	7n43	F	407	117
1946	7n43/G	7n43	G	410	117
1947	7n43/H	7n43	H	407	117
1948	7n43/I	7n43	I	407	117
1949	7n43/J	7n43	J	407	117
1950	7n6j/B	7n6j	B	218	105
1951	7nre/C	7nre	C	375	70
1952	7nrf/B	7nrf	B	377	70
1953	7nri/G	7nri	G	785	70
1954	7nus/D	7nus	D	176	133
1955	7nus/E	7nus	E	183	134
1956	7nus/F	7nus	F	95	134
1957	7o55/C	7o55	C	192	44
1958	7obv/D	7obv	D	194	50
1959	7oc2/D	7oc2	D	194	49
1960	7oju/H	7oju	H	220	88
1961	7okp/E	7okp	E	363	100
1962	7okp/F	7okp	F	708	100
1963	7okp/G	7okp	G	710	100
1964	7okp/H	7okp	H	710	100
1965	7os4/E	7os4	E	703	97
1966	7os4/F	7os4	F	343	97
1967	7os4/G	7os4	G	359	97
1968	7os4/H	7os4	H	702	97
1969	7oun/B	7oun	B	117	116
1970	7p1c/B	7p1c	B	375	76
1971	7p1g/F	7p1g	F	748	55
1972	7p1g/G	7p1g	G	1122	55
1973	7p1g/H	7p1g	H	1122	55
1974	7p1g/I	7p1g	I	1122	55
1975	7p1g/J	7p1g	J	748	55
1976	7p80/I	7p80	I	324	57
1977	7p80/J	7p80	J	321	57
1978	7p81/c	7p81	c	348	57
1979	7p81/d	7p81	d	348	57
1980	7p81/e	7p81	e	338	57
1981	7p81/f	7p81	f	343	57
1982	7p81/g	7p81	g	346	57
1983	7p81/h	7p81	h	349	57
1984	7p81/i	7p81	i	350	57
1985	7p81/j	7p81	j	342	57
1986	7p81/k	7p81	k	339	57
1987	7p81/l	7p81	l	336	57
1988	7p81/m	7p81	m	351	57
1989	7p81/n	7p81	n	349	57
1990	7p81/o	7p81	o	342	57
1991	7p81/p	7p81	p	342	57
1992	7p81/q	7p81	q	338	57
1993	7p81/r	7p81	r	351	57
1994	7p81/t	7p81	t	345	57
1995	7p81/u	7p81	u	334	57
1996	7p81/v	7p81	v	169	57
1997	7pcj/B	7pcj	B	170	85
1998	7pcj/E	7pcj	E	170	85
1999	7pdz/P	7pdz	P	374	55
2000	7pdz/Q	7pdz	Q	748	55
2001	7pdz/R	7pdz	R	747	55
2002	7pdz/S	7pdz	S	1120	55
2003	7pfq/D	7pfq	D	187	47
2004	7pfy/D	7pfy	D	193	46
2005	7pfz/C	7pfz	C	194	52
2006	7pg1/D	7pg1	D	194	43
2007	7pgc/C	7pgc	C	194	53
2008	7plt/H	7plt	H	374	55
2009	7plu/H	7plu	H	1122	55
2010	7plu/I	7plu	I	748	55
2011	7plu/J	7plu	J	748	55
2012	7plv/H	7plv	H	373	55
2013	7plw/H	7plw	H	373	55
2014	7plx/H	7plx	H	373	55
2015	7pm5/H	7pm5	H	374	55
2016	7pm6/H	7pm6	H	1122	55
2017	7pm6/I	7pm6	I	748	55
2018	7pm6/J	7pm6	J	748	55
2019	7pm7/H	7pm7	H	374	55
2020	7pm8/H	7pm8	H	374	55
2021	7pm9/H	7pm9	H	374	55
2022	7pma/H	7pma	H	374	55
2023	7pmb/H	7pmb	H	373	55
2024	7pmc/H	7pmc	H	373	55
2025	7pmd/H	7pmd	H	374	55
2026	7pme/H	7pme	H	1122	55
2027	7pme/I	7pme	I	748	55
2028	7pme/J	7pme	J	748	55
2029	7pmf/H	7pmf	H	374	55
2030	7pmg/H	7pmg	H	374	55
2031	7pmh/H	7pmh	H	374	55
2032	7pmi/H	7pmi	H	374	55
2033	7pmj/H	7pmj	H	374	55
2034	7pml/H	7pml	H	374	55
2035	7q4i/F	7q4i	F	282	61
2036	7q4i/G	7q4i	G	284	57
2037	7r0c/B	7r0c	B	284	75
2038	7rc6/C	7rc6	C	377	93
2039	7rcu/U	7rcu	U	55	162
2040	7rk3/B	7rk3	B	353	85
2041	7rnw/W	7rnw	W	607	96
2042	7rnw/X	7rnw	X	304	72
2043	7rnw/Y	7rnw	Y	607	94
2044	7rnw/Z	7rnw	Z	607	121
2045	7rov/E	7rov	E	170	105
2046	7rov/F	7rov	F	171	105
2047	7roy/G	7roy	G	379	118
2048	7rzf/a	7rzf	a	948	72
2049	7rzi/a	7rzi	a	948	83
2050	7rzi/c	7rzi	c	938	108
2051	7s4g/G	7s4g	G	649	68
2052	7s4g/I	7s4g	I	647	68
2053	7s4g/J	7s4g	J	648	68
2054	7s4g/K	7s4g	K	646	68
2055	7s5g/C	7s5g	C	287	93
2056	7s5h/C	7s5h	C	230	100
2057	7st7/h	7st7	h	123	48
2058	7stx/C	7stx	C	159	45
2059	7szi/D	7szi	D	342	60
2060	7t1u/E	7t1u	E	109	65
2061	7tb1/C	7tb1	C	253	74
2062	7tb1/D	7tb1	D	253	74
2063	7tho/M	7tho	M	1404	57
2064	7tho/N	7tho	N	934	57
2065	7tl7/a	7tl7	a	534	127
2066	7tl7/b	7tl7	b	529	127
2067	7tl7/c	7tl7	c	526	123
2068	7tl7/d	7tl7	d	525	124
2069	7tl8/B	7tl8	B	490	129
2070	7tpt/a	7tpt	a	1176	55
2071	7tpt/b	7tpt	b	1134	55
2072	7tpt/c	7tpt	c	1121	55
2073	7tpt/d	7tpt	d	1122	55
2074	7tpt/e	7tpt	e	374	55
2075	7tpt/f	7tpt	f	748	55
2076	7tpt/g	7tpt	g	748	55
2077	7tpt/h	7tpt	h	748	55
2078	7tpt/i	7tpt	i	1122	55
2079	7tpt/j	7tpt	j	1122	55
2080	7tpt/k	7tpt	k	1122	55
2081	7tpt/l	7tpt	l	1122	55
2082	7tpt/m	7tpt	m	748	55
2083	7tpt/n	7tpt	n	1122	55
2084	7tpt/o	7tpt	o	748	55
2085	7u60/M	7u60	M	1413	41
2086	7u60/N	7u60	N	935	41
2087	7ugw/E	7ugw	E	734	106
2088	7ujp/C	7ujp	C	540	123
2089	7v7k/C	7v7k	C	429	102
2090	7v8q/H	7v8q	H	435	69
2091	7v9b/B	7v9b	B	235	102
2092	7vac/I	7vac	I	426	79
2093	7vf3/B	7vf3	B	496	129
2094	7vf3/D	7vf3	D	500	129
2095	7vfl/D	7vfl	D	502	85
2096	7vfl/G	7vfl	G	502	56
2097	7wae/J	7wae	J	1612	49
2098	7wae/K	7wae	K	1612	49
2099	7wae/L	7wae	L	1610	49
2100	7wae/M	7wae	M	1610	49
2101	7waf/I	7waf	I	1611	49
2102	7waf/J	7waf	J	1611	49
2103	7waf/K	7waf	K	1611	49
2104	7waf/L	7waf	L	1611	49
2105	7wj3/C	7wj3	C	285	38
2106	7xat/F	7xat	F	286	92
2107	7xau/F	7xau	F	281	64
2108	7xav/F	7xav	F	280	54
2109	7xna/B	7xna	B	472	84
2110	7zkr/B	7zkr	B	118	113
2111	7zl7/B	7zl7	B	247	115
2112	7zl7/D	7zl7	D	247	115
2113	8deu/D	8deu	D	1046	64
2114	8dev/D	8dev	D	1051	81
2115	8dtm/C	8dtm	C	340	145
